,smiles,activity
0,CS(=O)(=O)c1ccc(cc1)[C@@H](O)[C@@H](CF)NC(=O)C(Cl)Cl,[4.2510633701550695]
1,CC(C)CCOc1ccc(N)cc1,[5.017279836814924]
2,COc1cc(cc(OC)c1O)C(=O)OCCCCNC(=N)N,[4.934761661517082]
3,C=CC(=O)Nc1ccccc1,[3.507357577490546]
4,C[C@@H](C(=O)NS(=O)(=O)C)c1ccc(OS(=O)(=O)C(F)(F)F)cc1,[1.3862943611198906]
5,Cc1ccc(NC(=O)C=C)cc1,[4.478472532942134]
6,C[C@@H](C(=O)N)c1ccc(OS(=O)(=O)C(F)(F)F)cc1,[1.3862943611198906]
7,CCCC(=O)Nc1ccc(OCC(O)CNC(C)C)c(c1)C(=O)C,[2.0693912058263346]
8,Fc1ccc(NC(=O)C=C)cc1,[3.6640743351949654]
9,Cc1ccc(C)c(OCCCC(C)(C)C(=O)O)c1,[5.017279836814924]
10,CCOc1ccc(NC(=O)C)cc1,[3.329343277894172]
11,CC(NC(C)(C)C)C(=O)c1cccc(Cl)c1,[4.296468746312235]
12,CC(C)NCC(O)COc1ccccc1CC=C,[5.017279836814924]
13,CCCCNC(=O)NS(=O)(=O)c1ccc(C)cc1,[2.0294631718735947]
14,CC(=O)Nc1ccc(O)cc1,[2.468099531471619]
15,CCC(NC(=O)Nc1cc(Cl)ccc1Cl)(C(F)(F)F)C(F)(F)F,[3.1742967814702334]
16,COc1ccc(NC(=O)C=C)cc1,[3.7764323511217976]
17,CC(C)NCC(O)COc1ccc(COCCOC(C)C)cc1,[3.2627013044082305]
18,OC[C@@H](NC(=O)C(Cl)Cl)[C@H](O)c1ccc(cc1)[N+](=O)[O-],[4.2510633701550695]
19,CC(C)(C)NCC(O)c1ccc(O)c(CO)c1,[2.5649493574615367]
20,Cc1cc(F)ccc1OC2CCN(CC3CCN(CC3)[C@@](C)(Cc4ccc(F)cc4)C(=O)O)CC2,[2.453587966530573]
21,Cc1cc(Cl)ccc1OC2CCN(CC3CCN(CC3)[C@@H](Cc4ccc(F)cc4)C(=O)O)CC2,[1.3862943611198906]
22,Cc1c(Cl)ccc(OC2CCN(CC3CCN(CC3)[C@@H](Cc4ccc(F)cc4)C(=O)O)CC2)c1Cl,[2.6932749155200555]
23,OC(=O)[C@H](Cc1ccc(F)cc1)N2CCC(CN3CCC(CC3)Oc4ccc(Cl)cc4)CC2,[1.3862943611198906]
24,Cc1cc(OC2CCN(CC3CCN(CC3)[C@@](C)(Cc4ccc(F)cc4)C(=O)O)CC2)ccc1Cl,[1.3862943611198906]
25,Cc1c(Cl)c(ccc1OC2CCN(CC3CCN(CC3)[C@@H](Cc4ccc(F)cc4)C(=O)O)CC2)C#N,[1.3862943611198906]
26,OC(=O)[C@H](Cc1ccc(cc1)C#N)N2CCC(CN3CCC(CC3)Oc4ccc(Cl)c(Cl)c4)CC2,[1.3862943611198906]
27,Cc1cc(F)ccc1OC2CCN(CC3CCN(CC3)[C@@H](Cc4ccc(F)cc4)C(=O)O)CC2,[1.3862943611198906]
28,Cc1c(Cl)c(Cl)ccc1OC2CCN(CC3CCN(CC3)[C@@](C)(Cc4ccc(F)cc4)C(=O)O)CC2,[1.3862943611198906]
29,Cc1cc(OC2CCN(CC3CCN(CC3)[C@@H](Cc4ccc(F)cc4)C(=O)O)CC2)ccc1Cl,[1.5830939370944985]
30,OCc1ccc(OC2CCN(CC3CCN(CC3)[C@@H](Cc4ccccc4)C(=O)O)CC2)cc1Cl,[3.367295829986474]
31,Cc1ccc(C[C@H](N2CCC(CN3CCC(CC3)Oc4ccc(Cl)c(Cl)c4)CC2)C(=O)O)cc1,[1.3862943611198906]
32,Cc1cccc(C[C@H](N2CCC(CN3CCC(CC3)Oc4ccc(Cl)c(Cl)c4)CC2)C(=O)O)c1,[1.3862943611198906]
33,OC(=O)[C@H](Cc1ccc(F)cc1)N2CCC(CN3CCC(CC3)Oc4ccc(Cl)cc4Cl)CC2,[1.3862943611198906]
34,CC(C)NC(=O)c1c(C)nn(c1NS(=O)(=O)c2ccc(C)cc2)c3ccccc3,[3.9512437185814275]
35,C[C@H](NC(=O)c1c(C)nn(c1NS(=O)(=O)c2ccc(C)cc2)c3ccccc3)C(C)(C)C,[2.5764217586237734]
36,C[C@H](NC(=O)c1c(NS(=O)(=O)c2ccc(C)cc2)n(nc1C(F)(F)F)c3ccccc3)C(C)(C)C,[2.987700101856727]
37,CCC(CC)NC(=O)c1c(C)nn(c1NS(=O)(=O)c2ccc(C)cc2)c3ccccc3,[2.673458756332591]
38,C[C@H](NC(=O)c1c(C)nn(c1NS(=O)(=O)c2ccc(cc2)C#N)c3ccc(F)cc3)C(C)(C)C,[1.9459101490553132]
39,C[C@@H](NC(=O)c1c(C)nn(c1NS(=O)(=O)c2ccc(C)cc2)c3ccccc3)C(C)(C)C,[2.1972245773362196]
40,CCC(CC)NC(=O)c1cnn(c1NS(=O)(=O)c2ccc(C)cc2)c3ccccc3Cl,[4.04305126783455]
41,CCC(CC)NC(=O)c1cnn(c1NS(=O)(=O)c2ccc(C)cc2)c3ccccc3,[3.8899818745512658]
42,CCC(C)NC(=O)c1c(C)nn(c1NS(=O)(=O)c2ccc(C)cc2)c3ccccc3,[2.9079933592459843]
43,C[C@H](NC(=O)c1c(C)nn(c1NS(=O)(=O)c2ccc(cc2)C(F)(F)F)c3ccc(F)cc3)C(C)(C)C,[1.7934247485471162]
44,Cc1ccc(cc1)S(=O)(=O)Nc2c(C(=O)NCC(C)(C)C)c(C)nn2c3ccccc3,[2.9444389791664403]
45,CNC(=O)c1cnn(c1NS(=O)(=O)c2ccc(C)cc2)c3ccccc3,[4.174387269895637]
46,CC(NC(=O)c1c(C)nn(c1NS(=O)(=O)c2ccc(C)cc2)c3ccccc3)C(C)(C)C,[2.0794415416798357]
47,C[C@H]1CN(Cc2cc(Cl)ccc2OCC(=O)O)CCN1S(=O)(=O)c3ccccc3,[1.3862943611198906]
48,C[C@@H]1CN(Cc2cc(Cl)ccc2OCC(=O)O)CCN1S(=O)(=O)c3ccccc3,[2.1377104498038118]
49,CCC[C@H]1CN(Cc2cc(Cl)ccc2OCC(=O)O)CCN1S(=O)(=O)c3ccccc3,[2.3978952727983707]
50,OC(=O)COc1ccc(cc1CN2CCN(CC2)S(=O)(=O)c3ccccc3)C(F)(F)F,[1.3862943611198906]
51,CC1CN(CCN1Cc2cc(Cl)ccc2OCC(=O)O)S(=O)(=O)c3ccccc3,[2.0794415416798357]
52,C[C@H]1CN(Cc2cc(Cl)ccc2OC(C)(C)C(=O)O)CCN1S(=O)(=O)c3ccccc3,[2.8903717578961645]
53,OC(=O)COc1ccc(Cl)cc1CN2CCN(CC2)S(=O)(=O)c3ccccc3,[1.3862943611198906]
54,OC(=O)COc1ccc(Cl)cc1CN2CCN(CC2)S(=O)(=O)c3ccc(F)cc3,[1.3862943611198906]
55,CC[C@H]1CN(Cc2cc(Cl)ccc2OCC(=O)O)CCN1S(=O)(=O)c3ccccc3,[1.6094379124341003]
56,O=S(=O)(N1CCN(Cc2ccccc2)CC1)c3ccccc3,[5.017279836814924]
57,CCC(C)(CC)C[C@@H](N1CCC[C@@H](C1)N2C=C(C)C(=O)NC2=O)c3ccc(C(=O)O)c(Oc4cccc(Br)c4)c3,[4.2510633701550695]
58,CC(C)C[C@@H](N1CCC[C@@H](C1)N2C=C(C)C(=O)NC2=O)c3ccc(C(=O)O)c(Oc4cccc(Cl)c4)c3,[2.3145136638593193]
59,CC1=CN([C@H]2CCCN(C2)[C@@H](CC(C)(C)C)c3ccc(C(=O)O)c(Oc4cccc(Br)c4)c3)C(=O)NC1=O,[1.3862943611198906]
60,CC(C)C[C@H](N1CCC[C@@H](C1)N2C=C(C)C(=O)NC2=O)c3ccc(C(=O)O)c(Oc4cccc(Cl)c4)c3,[2.3561258599220753]
61,CCCCC[C@@H](N1CCC[C@@H](C1)N2C=C(C)C(=O)NC2=O)c3ccc(C(=O)O)c(Oc4cccc(Br)c4)c3,[3.4404180948154366]
62,C[C@@H](N1CCC[C@@H](C1)N2C=C(C)C(=O)NC2=O)c3ccc(C(=O)O)c(Oc4cccc(Cl)c4)c3,[1.4793292270870801]
63,CCC(C)(C)C[C@@H](N1CCC[C@@H](C1)N2C=C(C)C(=O)NC2=O)c3ccc(C(=O)O)c(Oc4cccc(Cl)c4)c3,[4.7748285688286485]
64,CCCC(C)(C)C[C@@H](N1CCC[C@@H](C1)N2C=C(C)C(=O)NC2=O)c3ccc(C(=O)O)c(Oc4cccc(Cl)c4)c3,[3.9793077522337423]
65,CCC(CC)C[C@@H](N1CCC[C@@H](C1)N2C=C(C)C(=O)NC2=O)c3ccc(C(=O)O)c(Oc4cccc(Cl)c4)c3,[3.6192613872330663]
66,CC1=CN([C@H]2CCCN(C2)[C@H](CC(C)(C)C)c3ccc(C(=O)O)c(Oc4cccc(Br)c4)c3)C(=O)NC1=O,[3.9116229254068062]
67,COCC(C)n1nc(C)c(C(=O)N[C@@H](C)C(C)(C)C)c1NS(=O)(=O)c2ccc(C)cc2,[1.3862943611198906]
68,COCCC(C)n1nc(C)c(C(=O)N[C@@H](C)C(C)(C)C)c1NS(=O)(=O)c2ccc(C)cc2,[2.388762789235098]
69,CC(C)n1nc(C)c(C(=O)N[C@@H](C)C(C)(C)C)c1NS(=O)(=O)c2ccc(C)cc2,[2.3978952727983707]
70,CCC(CC)NC(=O)c1cnn(C)c1NS(=O)(=O)c2ccc(C)cc2,[3.332204510175204]
71,CCC(CC)NC(=O)c1c(C)nn(C(C)C)c1NS(=O)(=O)c2ccc(C)cc2,[4.108740442505833]
72,C[C@H](NC(=O)c1c(C)nn(c1NS(=O)(=O)c2ccc(C)cc2)C(C)(C)C)C(C)(C)C,[3.9889840465642745]
73,C[C@H](NC(=O)c1c(C)nn(CC(F)(F)F)c1NS(=O)(=O)c2ccc(C)cc2)C(C)(C)C,[2.9444389791664403]
74,CCn1nc(C)c(C(=O)N[C@@H](C)C(C)(C)C)c1NS(=O)(=O)c2ccc(C)cc2,[1.8718021769015913]
75,CCC(CC)n1nc(C)c(C(=O)N[C@@H](C)C(C)(C)C)c1NS(=O)(=O)c2ccc(C)cc2,[2.772588722239781]
76,C[C@@H]1CN(Cc2cc(Cl)ccc2OCC(=O)O)C[C@H](C)N1C(=O)Cc3ccccc3,[3.044522437723423]
77,C[C@H]1CN(Cc2cc(Cl)ccc2CC(=O)O)CCN1C(=O)Cc3ccc(Cl)cc3,[1.3862943611198906]
78,C[C@H]1CN(Cc2cc(Cl)ccc2CCC(=O)O)CCN1C(=O)Cc3ccccc3,[1.3862943611198906]
79,C[C@H]1CN(Cc2cc(Cl)ccc2OCC(=O)O)CCN1C(=O)Cc3ccccc3,[1.6094379124341003]
80,C[C@H]1CN(Cc2cc(Cl)ccc2OCC(=O)O)CCN1C(=O)Cc3ccc(F)cc3,[1.3862943611198906]
81,C[C@H]1CN(Cc2cc(Cl)ccc2OCC(=O)O)CCN1C(=O)Cc3ccccc3Cl,[2.6390573296152584]
82,C[C@H]1CN(Cc2cc(Cl)ccc2OCC(=O)O)CCN1C(=O)Cc3cccc(Cl)c3,[2.5649493574615367]
83,C[C@H](Oc1ccc(Cl)cc1CN2CCN([C@@H](C)C2)C(=O)Cc3ccc(Cl)cc3)C(=O)O,[1.3862943611198906]
84,C[C@H]1CN(Cc2cc(Cl)ccc2OCC(=O)O)CCN1C(=O)Cc3ccc(Cl)cc3,[1.3862943611198906]
85,CCS(=O)(=O)c1ccc(c(C)c1)c2cc(ccc2OCC(=O)O)C(F)(F)F,[1.6094379124341003]
86,OC(=O)COc1ccc(Cl)cc1c2cccc(c2)C#N,[1.791759469228055]
87,CC[C@H](N)C(=O)N[C@@H](Cc1ccc(cc1)c2ccccc2)C#N,[4.5217885770490405]
88,OC(=O)COc1ccc(cc1c2cccc(c2)C#N)C(F)(F)F,[1.3862943611198906]
89,Nc1ccc(cc1)c2ccccc2Cl,[4.820523471827238]
90,OC(=O)c1cc(ccc1O)c2ccc(F)cc2F,[2.418588768750352]
91,CCS(=O)(=O)c1ccc(c(F)c1)c2cc(Cl)ccc2OCC(=O)O,[1.6563214983329508]
92,C[C@@](CCc1ccc(cc1)c2ccc(Cl)cc2)(C(=O)NO)S(=O)(=O)C,[1.3862943611198906]
93,CCCN(CCNCCc1ccc(O)c2NC(=O)Sc12)C(=O)CCOCCc3ccccc3,[4.68213122712422]
94,CC(C)N(CCNCCc1ccc(O)c2NC(=O)Sc12)C(=O)CCOCCc3ccccc3,[4.605170185988092]
95,CN(CCNC[C@H](O)c1ccc(O)c2NC(=O)Sc12)C(=O)CCOCCc3ccccc3,[3.784189633918261]
96,CCN(CCNCCc1ccc(O)c2NC(=O)Sc12)C(=O)CCOCCc3ccccc3,[4.912654885736052]
97,CCCCN(CCNCCc1ccc(O)c2NC(=O)Sc12)C(=O)CCOCCc3ccccc3,[5.017279836814924]
98,CCCCN(CCNC[C@H](O)c1ccc(O)c2NC(=O)Sc12)C(=O)CCOCCc3ccccc3,[5.017279836814924]
99,CC(C)C[C@@H]1NC(=O)[C@@H](Cc2ccccc2)NC(=O)[C@H](CCN)NC(=O)[C@H](CCNC(=O)[C@@H](NC(=O)[C@H](CCN)NC(=O)[C@H](CCN)NC1=O)[C@@H](C)O)NC(=O)[C@H](CCN)NC(=O)[C@@H](NC(=O)[C@H](CCN)NC(=O)C)[C@@H](C)O,[1.3862943611198906]
100,CCCCCCCC(=O)N[C@@H](CCN)C(=O)N[C@@H]([C@@H](C)O)C(=O)N[C@@H](CCN)C(=O)N[C@H]1CCNC(=O)[C@@H](NC(=O)[C@H](C)NC(=O)[C@H](CCN)NC(=O)[C@H](CC(C)C)NC(=O)[C@@H](Cc2ccccc2)NC(=O)[C@H](CCN)NC1=O)[C@@H](C)O,[1.3862943611198906]
101,CCCCCCCC(=O)N[C@@H](C)C(=O)N[C@@H]([C@@H](C)O)C(=O)N[C@@H](CCN)C(=O)N[C@H]1CCNC(=O)[C@@H](NC(=O)[C@H](CCN)NC(=O)[C@H](CCN)NC(=O)[C@H](CC(C)C)NC(=O)[C@@H](Cc2ccccc2)NC(=O)[C@H](CCN)NC1=O)[C@@H](C)O,[1.3862943611198906]
102,CCCCCCCC(=O)N[C@@H](CCN)C(=O)N[C@@H](C)C(=O)N[C@@H](CCN)C(=O)N[C@H]1CCNC(=O)[C@@H](NC(=O)[C@H](CCN)NC(=O)[C@H](CCN)NC(=O)[C@H](CC(C)C)NC(=O)[C@@H](Cc2ccccc2)NC(=O)[C@H](CCN)NC1=O)[C@@H](C)O,[1.3862943611198906]
103,CCCCCCCC(=O)N[C@@H](CCN)C(=O)N[C@@H]([C@@H](C)O)C(=O)N[C@@H](C)C(=O)N[C@H]1CCNC(=O)[C@@H](NC(=O)[C@H](CCN)NC(=O)[C@H](CCN)NC(=O)[C@H](CC(C)C)NC(=O)[C@@H](Cc2ccccc2)NC(=O)[C@H](CCN)NC1=O)[C@@H](C)O,[1.3862943611198906]
104,CCCCCCCC(=O)N[C@@H](CCN)C(=O)N[C@@H]([C@@H](C)O)C(=O)N[C@@H](CCN)C(=O)N[C@H]1CCNC(=O)[C@H](C)NC(=O)[C@H](CCN)NC(=O)[C@H](CCN)NC(=O)[C@H](CC(C)C)NC(=O)[C@@H](Cc2ccccc2)NC(=O)[C@H](CCN)NC1=O,[1.3862943611198906]
105,CC1CCCCC1NC(=O)c2c(C)nn(c2NS(=O)(=O)c3ccc(C)cc3)c4ccccc4,[2.8903717578961645]
106,CN(C1CCCCC1)C(=O)c2c(C)nn(c2NS(=O)(=O)c3ccc(C)cc3)c4ccccc4,[3.091042453358316]
107,CC1CCCCC1NC(=O)c2cnn(c2NS(=O)(=O)c3ccc(C)cc3)c4ccccc4,[1.791759469228055]
108,Cc1ccc(cc1)S(=O)(=O)Nc2c(cnn2c3ccccc3)C(=O)NC4CCCCC4,[3.332204510175204]
109,Cc1ccc(cc1)S(=O)(=O)Nc2c(C(=O)NC3CCCCC3)c(C)nn2c4ccccc4,[2.5649493574615367]
110,CN(C1CCCCC1)C(=O)c2cnn(c2NS(=O)(=O)c3ccc(C)cc3)c4ccccc4,[3.900759813149435]
111,CCOc1ccc(CCNCCCSCCNC[C@H](O)c2ccc(O)c3NC(=O)Sc23)cc1,[2.1972245773362196]
112,O[C@@H](CNCCSCCCNCCc1cccc(Cl)c1)c2ccc(O)c3NC(=O)Sc23,[2.0794415416798357]
113,O[C@@H](CNCCSCCCNCCc1ccccc1)c2ccc(O)c3NC(=O)Sc23,[2.302585092994046]
114,O[C@@H](CNCCSCCCNCCc1cccc(Cl)c1Cl)c2ccc(O)c3NC(=O)Sc23,[3.017493765335504]
115,O[C@@H](CNCCSCCCNCCc1cccc(c1)C(F)(F)F)c2ccc(O)c3NC(=O)Sc23,[1.9459101490553132]
116,OC(=O)COc1cccc(c1)N2CCC(CN3CCC(CC3)Oc4ccc(Cl)c(Cl)c4)CC2,[1.3862943611198906]
117,OC(=O)Cc1cccc(c1)N2CCC(CN3CCC(CC3)Oc4ccc(Cl)c(Cl)c4)CC2,[1.3862943611198906]
118,OC(=O)Cc1ccccc1N2CCC(CN3CCC(CC3)Oc4ccc(Cl)c(Cl)c4)CC2,[1.3862943611198906]
119,OC(=O)COc1ccccc1N2CCC(CN3CCC(CC3)Oc4ccc(Cl)c(Cl)c4)CC2,[1.3862943611198906]
120,OC(=O)Cc1ccc(cc1)N2CCC(CN3CCC(CC3)Oc4ccc(Cl)c(Cl)c4)CC2,[2.302585092994046]
121,C[C@H](C(=O)O)c1cccc(c1)C(=O)c2ccccc2,[3.091042453358316]
122,CC(C(=O)O)c1cccc(c1)C(=O)c2ccccc2,[4.001863709427935]
123,CC(C)OC(=O)C(C)(C)Oc1ccc(cc1)C(=O)c2ccc(Cl)cc2,[4.007333185232471]
124,C[C@@H](C(=O)O)c1cccc(c1)C(=O)c2ccccc2,[3.104586678466073]
125,COc1ccc(N(C(C(=O)NC[C@@H](C)O)c2ccccc2F)C(=O)c3occc3Cl)c(OC)c1,[4.0943445622221]
126,COc1ccc(N(C(C(=O)NC[C@@H](C)O)c2ccccc2F)C(=O)c3occc3CO)c(OC)c1,[2.1972245773362196]
127,COCc1ccoc1C(=O)N(C(C(=O)NC[C@@H](C)O)c2ccccc2F)c3ccc(OC)cc3OC,[3.56953269648137]
128,COc1ccc(N(C(C(=O)NC[C@@H](C)O)c2ccccc2F)C(=O)c3occc3C)c(OC)c1,[4.477336814478207]
129,CN(C)S(=O)(=O)NC(=O)CCCc1c([nH]c2ccc(cc12)C#N)c3ccc(F)cc3,[1.3862943611198906]
130,CS(=O)(=O)NC(=O)CCCc1c([nH]c2ccc(cc12)C#N)c3ccc(F)cc3,[2.72785282839839]
131,Fc1ccc(cc1)c2[nH]c3ccc(cc3c2CCCC(=O)NS(=O)(=O)C(F)(F)F)C#N,[2.379546134130174]
132,NS(=O)(=O)NC(=O)CCCc1c([nH]c2ccc(cc12)C#N)c3ccc(F)cc3,[3.0252910757955354]
133,CCNC(=O)C[C@@H]1N=C(c2ccc(Cl)cc2)c3cc(OC)ccc3n4c(C)nnc14,[2.418588768750352]
134,Cc1nnc2CN=C(c3ccccc3Cl)c4cc(Cl)ccc4n12,[5.017279836814924]
135,Cc1nnc2CN=C(c3ccccc3)c4cc(Cl)ccc4n12,[3.7764323511217976]
136,CCNC(=O)C[C@H]1N=C(c2ccc(Cl)cc2)c3cc(OC)ccc3n4c(C)nnc14,[1.9892432737616872]
137,CC1=CN([C@H]2CCCN(C2)S(=O)(=O)c3ccc(O)c(Oc4ccc(Cl)cc4)c3)C(=O)NC1=O,[4.501253072568319]
138,CC1=CN([C@H]2CCCN(C2)S(=O)(=O)c3ccc(O)c(Oc4cc(F)cc(Cl)c4)c3)C(=O)NC1=O,[4.319219946381069]
139,CC1=CN([C@H]2CCCN(C2)S(=O)(=O)c3ccc(O)c(Oc4ccc(Cl)c(C)c4)c3)C(=O)NC1=O,[3.064325065019603]
140,CC1=CN([C@H]2CCCN(C2)S(=O)(=O)c3ccc(O)c(Oc4cccc(Br)c4)c3)C(=O)NC1=O,[3.6640743351949654]
141,O[C@@H](CNCCc1cccc(CNCCc2c(Cl)cccc2Cl)c1)c3ccc(O)c4NC(=O)Sc34,[4.3694478524670215]
142,O[C@@H](CNCCc1cccc(CNCCc2ccccc2F)c1)c3ccc(O)c4NC(=O)Sc34,[3.1354942159291497]
143,O[C@@H](CNCCc1cccc(CNCCc2ccccc2Cl)c1)c3ccc(O)c4NC(=O)Sc34,[3.7612001156935624]
144,COc1ccccc1CCNCc2cccc(CCNC[C@H](O)c3ccc(O)c4NC(=O)Sc34)c2,[3.4011973816621555]
145,CC(C)NCC(O)COc1cccc2[nH]ccc12,[5.017279836814924]
146,OC(=O)c1cc2ccccc2[nH]1,[2.481567748522486]
147,CNS(=O)(=O)Cc1ccc2[nH]cc(CCN(C)C)c2c1,[2.1972245773362196]
148,COc1cccc(CNc2nc(NC(C)C)nc3ccsc23)c1OC,[5.017279836814924]
149,CC(C)Nc1nc(NCc2ccccc2)c3sccc3n1,[4.98045096291894]
150,COCCNc1nc(NCc2ccccc2F)c3sccc3n1,[5.003342096602114]
151,CC(C)C[C@H](N)C(=O)NC[C@H](O)C[C@@H](N)CC(=O)NN(C)CC(=O)O,[1.3862943611198906]
152,ON(CCCP(=O)(O)O)C=O,[1.3862943611198906]
153,CN(CC(=O)O)NC(=O)C[C@H](N)C[C@@H](O)CN,[1.3862943611198906]
154,OC1(CNC(=O)c2cc(ccc2Cl)N3N=CC(=O)NC3=O)CCCCCC1,[1.3862943611198906]
155,COC[C@H](O)CN1C(=O)C=NN(C1=O)c2ccc(Cl)c(c2)C(=O)NCC3(O)CCCCCC3,[1.791759469228055]
156,COC[C@@H](O)CN1C(=O)C=NN(C1=O)c2ccc(Cl)c(c2)C(=O)NCC3(O)CCCCCC3,[2.1972245773362196]
157,COc1ccccc1CN(C)Cc2cccc(CCNC[C@H](O)c3ccc(O)c4NC(=O)Sc34)c2,[3.5263605246161616]
158,COc1ccc(CNCc2cccc(CCNC[C@H](O)c3ccc(O)c4NC(=O)Sc34)c2)cc1,[2.6390573296152584]
159,O[C@@H](CNCCc1cccc(CNCc2ccccc2Cl)c1)c3ccc(O)c4NC(=O)Sc34,[4.110873864173311]
160,C[C@H](CO)Nc1nc(SCc2ccccc2)nc3NC(=O)Sc13,[1.3862943611198906]
161,C[C@H](CO)Nc1nc(SCc2cccc(Cl)c2F)nc3NC(=O)Sc13,[2.8903717578961645]
162,C[C@H](CO)Nc1nc(SCc2ccccc2F)nc3NC(=O)Sc13,[3.367295829986474]
163,CC(C)c1ccc(NC(=O)NCCCSC[C@H]2O[C@H]([C@H](O)[C@@H]2O)n3cnc4c(N)ncnc34)cc1,[4.7063720664970585]
164,Nc1ncnc2c1ncn2[C@@H]3O[C@H](CSCCCNC(=O)Nc4ccc(Cl)cc4)[C@@H](O)[C@H]3O,[4.546799272661762]
165,Nc1ncnc2c1ncn2[C@@H]3O[C@H](CSCCCNC(=O)Nc4ccccc4)[C@@H](O)[C@H]3O,[3.3734835430946397]
166,O=C(Nc1cccc(c1)c2nnn[nH]2)c3cccc4[nH]cnc34,[3.821441627196908]
167,FC(F)(F)c1cc(C(=O)Nc2cccc(c2)c3nnn[nH]3)c4nc[nH]c4c1,[2.911263116927541]
168,Fc1cc(C(=O)Nc2cccc(c2)c3nnn[nH]3)c4nc[nH]c4c1,[4.2284382967028]
169,CN(CCNCCc1ccc(O)c2nc(O)sc12)C(=O)CCOCCc3ccccc3,[4.948759890378168]
170,Oc1ccc(CCNCCNC(=O)CCOCCc2ccccc2)c3sc(O)nc13,[4.2903224454635405]
171,CN(CCN(C)C(=O)CCOCCc1ccccc1)CCc2ccc(O)c3nc(O)sc23,[5.017279836814924]
172,CCOC(=O)CN(c1ccccc1C)S(=O)(=O)c2ccc(Cl)cc2,[5.017279836814924]
173,OC(c1ccc(cc1)N(CC(F)(F)F)S(=O)(=O)c2ccccc2)(C(F)(F)F)C(F)(F)F,[2.7166795278002644]
174,CN(C)CCOc1cc(NS(=O)(=O)c2c(Cl)cc(cc2Cl)C(F)(F)F)ccc1Cl,[2.6304489550786583]
175,CCN(CC)c1ccc2C=C(C(=O)C)C(=O)Oc2c1,[5.017279836814924]
176,CCOc1ccc2C=CC(=O)Oc2c1,[4.183118274275528]
177,CC(=O)C1=Cc2ccc(O)cc2OC1=O,[5.017279836814924]
178,OC(=O)CCc1ccc(OCc2cccc(Br)c2)cc1,[5.017279836814924]
179,CNCC[C@@H](Oc1cc(OC)ccc1C#N)c2ccccc2,[4.962844630259907]
180,CNCC[C@@H](Oc1cc(Cl)ccc1C#N)c2ccccc2,[5.017279836814924]
181,CC\C(=C(/c1ccc(O)cc1)\c2ccc(OCCN(C)C)cc2)\c3ccccc3,[4.047078236421011]
182,CC\C(=C(\c1ccc(O)cc1)/c2ccc(\C=C\C(=O)O)cc2)\c3ccccc3,[4.2510633701550695]
183,CC\C(=C(/c1ccccc1)\c2ccc(\C=C\C(=O)O)cc2)\c3ccccc3,[4.683519152399068]
184,C[C@H]1C[C@H]2[C@@H]3CC[C@](O)(C(=O)CO)[C@@]3(C)C[C@H](O)[C@@H]2[C@@]4(C)C=CC(=O)C=C14,[5.017279836814924]
185,CCC(=O)O[C@@]1([C@H](C)C[C@H]2[C@@H]3C[C@H](F)C4=CC(=O)C=C[C@]4(C)[C@@]3(F)[C@@H](O)C[C@]12C)C(=O)SCF,[4.683519152399068]
186,C[C@@H]1C[C@H]2[C@@H]3CCC4=CC(=O)C=C[C@]4(C)[C@@]3(F)[C@@H](O)C[C@]2(C)[C@@]1(O)C(=O)CO,[3.4657359027997265]
187,CC(CO)(CO)Nc1nc(SCc2cccc(F)c2F)nc3nc(N)sc13,[2.0794415416798357]
188,C[C@H](CO)Nc1nc(SCc2ccccc2F)nc3nc(N)sc13,[2.995732273553991]
189,C[C@H](CO)Nc1nc(SCc2cccc(F)c2F)nc3nc(N)sc13,[2.8992213731731473]
190,CC(C)(C)c1csc(n1)N2CCN(CC2)C(=O)[C@@H]3CCCC[C@H]3C(=O)NC4(CC4)C#N,[5.017279836814924]
191,O=C(NC1(CC1)C#N)[C@@H]2CCCC[C@H]2C(=O)N3CCN(CC3)c4nccs4,[3.6192613872330663]
192,O=C(NC1(CC1)C#N)[C@@H]2CCCC[C@H]2C(=O)N3CCN(CC3)c4ncc(C#N)s4,[1.8325814637483102]
193,O=C(Nc1cc(ccn1)c2ccnc(Nc3ccccc3)c2)C4CCOCC4,[5.017279836814924]
194,Fc1ccc(Nc2cc(ccn2)c3ccnc(NC(=O)C4CCOCC4)c3)cc1,[5.017279836814924]
195,CS(=O)(=O)c1ccc(cc1)[C@H](CC2CCCC2)C(=O)Nc3nccs3,[3.5967641652061304]
196,CS(=O)(=O)c1ccc(cc1)[C@@H](CC2CCCC2)C(=O)Nc3nccs3,[3.0860299115347716]
197,CSc1ccc(cc1)N2C(=NC(=NC2(C)C)N)N,[4.273745190588392]
198,CC1N=C(N)N=C(N)N1c2ccc(Cl)cc2,[1.3862943611198906]
199,CC(C)N1CCC[C@H](CN2C(=Nc3ccc(cc3C2=O)c4ccc(Cl)cc4)C)C1,[1.5686159179138452]
200,CC(C)N1CCC[C@H](CN2C(=O)c3cc(ccc3N=C2C(C)C)c4ccc(F)cc4)C1,[3.418054498728578]
201,CN1C(=O)N(C)c2ncn(C)c2C1=O,[1.3862943611198906]
202,CN1C(=O)N(C)c2nc[nH]c2C1=O,[1.9095425048844386]
203,Clc1cccc(CN2CCC3(CC2)CCN(CC3)C(=O)c4ccccc4)c1,[1.3862943611198906]
204,Cc1cccc(CN2CCC3(CC2)CCN(CC3)C(=O)c4ccccc4)c1,[2.4159137783010487]
205,OC(c1ccccc1)c2ccc3C(=O)C=C(Nc3c2)c4cccnc4,[3.8501476017100584]
206,O=C1C=C(Nc2cc(Cc3ccccc3)ccc12)c4cccnc4,[3.9318256327243257]
207,COc1cccc2c1c(NS(=O)(=O)c3ccc(Cl)s3)nn2Cc4cccc(CNC(=O)[C@@H]5COCCN5)c4,[3.295836866004329]
208,COc1cccc2c1c(NS(=O)(=O)c3ccc(Cl)s3)nn2Cc4cccc(CNC(=O)[C@H]5COCCN5)c4,[3.367295829986474]
209,C[N+]1(C)CCC(C1)OC(=O)C(O)(C2CCCC2)c3ccccc3,[4.5217885770490405]
210,CC(C1CCCC1)(C(=O)O[C@@H]2CC[N+](C)(C)C2)c3ccccc3,[4.787491742782046]
211,C[C@H]1CN(Cc2cc(Cl)ccc2CC(=O)O)CCN1S(=O)(=O)Cc3ccccc3,[2.302585092994046]
212,OC(=O)COc1ccc(Cl)cc1CN2CCN(CC2)S(=O)(=O)Cc3ccccc3,[2.302585092994046]
213,NCCCCN(Cc1nc2ccccc2[nH]1)[C@H]3CCCc4cccnc34,[3.4503049557691834]
214,NCCCCN(Cc1nc2ccccc2[nH]1)C3CCCc4cccnc34,[3.456947396766647]
215,OC(=O)COc1ccc(C(=O)c2cccs2)c(Cl)c1Cl,[4.127134385045092]
216,CC(C(=O)O)c1ccc(cc1)C(=O)c2cccs2,[2.833213344056216]
217,C[C@@](N1CCCCC1)(C(=O)O[C@H]2C[N+]3(CC(=O)Nc4ccccc4)CCC2CC3)c5ccccc5,[4.174387269895637]
218,C[C@@](N1CCCCC1)(C(=O)O[C@H]2C[N+]3(CC(=O)Nc4cccc(F)c4)CCC2CC3)c5ccccc5,[4.219507705176107]
219,CC1(C)S[C@@H]2[C@H](NC(=O)C(C(=O)O)c3ccccc3)C(=O)N2[C@H]1C(=O)O,[1.4793292270870801]
220,CC1(C)S[C@@H]2[C@H](NC(=O)[C@H](N)c3ccc(O)cc3)C(=O)N2[C@H]1C(=O)O,[1.3862943611198906]
221,Cc1onc(NS(=O)(=O)c2ccc(Cl)cc2)c1,[2.252343876557299]
222,Cc1onc(NS(=O)(=O)c2ccc(N)cc2)c1,[1.3862943611198906]
223,C[C@@](N1CCCCC1)(C(=O)O[C@H]2C[N+]3(CCc4ccccc4)CCC2CC3)c5ccccc5,[4.343805421853684]
224,C[C@@](N1CCCCC1)(C(=O)O[C@H]2C[N+]3(CCc4ccccc4F)CCC2CC3)c5ccccc5,[4.875197323201151]
225,O=C(Nc1nc2ccccc2[nH]1)c3ccccc3,[5.017279836814924]
226,OCCCn1c(NC(=O)c2cccc(c2)[N+](=O)[O-])nc3ccccc13,[4.455625548708074]
227,CC(C)(C)c1ccc(cc1)C(O)CCCN2CCC(CC2)C(O)(c3ccccc3)c4ccccc4,[4.478472532942134]
228,CC(C)(C(=O)O)c1ccc(cc1)C(O)CCCN2CCC(CC2)C(O)(c3ccccc3)c4ccccc4,[1.3862943611198906]
229,COc1cccc2sc(NC(=O)c3ccccc3)nc12,[2.833213344056216]
230,O=C(Nc1nc2ccccc2s1)c3ccccc3,[4.183118274275528]
231,NCCc1ccc(O)c2nc(O)sc12,[5.017279836814924]
232,CCOc1ccc2nc(N)sc2c1,[4.319219946381069]
233,Fc1ccccc1NC(=O)NC2N=C(c3ccccc3)c4ccccc4NC2=O,[2.8460714989995846]
234,Fc1ccccc1NC(=O)N[C@H]2N=C(c3ccccc3)c4ccccc4NC2=O,[2.3145136638593193]
235,COC(=O)C1=C(C)NC2=C(C1c3ccc(cc3)c4ccc(cc4)C(F)(F)F)C(=O)CC(C)(C)C2,[2.5877640352277083]
236,CCOC(=O)C1=C(C)NC2=C(C1c3ccc(cc3)c4ccccc4)C(=O)CC(C)(C)C2,[4.7748285688286485]
237,Cc1ccc2cc(C)c3nnc(SCC(=O)N4CCN(CC4)C(=O)c5occc5)n3c2c1,[4.478472532942134]
238,Cc1cc2cc(C)c3nnc(SCC(=O)N4CCN(CC4)C(=O)c5occc5)n3c2cc1C,[4.06971028126374]
239,CC[C@@]1(O)C(=O)OCC2=C1C=C3N(Cc4cc5c(CN(C)C)c(O)ccc5nc34)C2=O,[1.4445632692438664]
240,CCc1c2CN3C(=O)C4=C(C=C3c2nc5ccc(O)cc15)[C@@](O)(CC)C(=O)OC4,[3.218475744846861]
241,CCS(=O)(=O)Nc1cccc2c1c(Oc3ccc(Cl)cc3)c(C)n2CC(=O)O,[1.3862943611198906]
242,CCS(=O)(=O)c1ccc(Oc2c(C)n(CC(=O)O)c3ccc(cc23)C(F)(F)F)cc1,[1.3862943611198906]
243,Oc1ccc(CCNCCCOCCOCCc2ccccc2)c3sc(O)nc13,[4.976733742420574]
244,CN(CCCOCCOCCc1ccccc1)CCc2ccc(O)c3nc(O)sc23,[5.017279836814924]
245,CS(=O)(=O)c1ccc(cc1)c2cnc(N)c(n2)C(=O)Nc3ccccc3,[2.998229153752578]
246,CC(C)S(=O)(=O)c1ccc(cc1)c2cnc(N)c(n2)C(=O)Nc3ccccc3,[3.0860299115347716]
247,CC1(C)[C@@H]2CC[C@@]1(CS(=O)(=O)N3CCN(CC3)c4ccc(cn4)C(F)(F)F)C(=O)C2,[4.955827057601261]
248,CC1(C)[C@@H]2CC[C@@]1(CS(=O)(=O)N3CCN(CC3)c4ccc(cn4)C#N)C(=O)C2,[5.017279836814924]
249,Nc1ncnc2c1ncn2[C@@H]3O[C@H](CO)[C@@H](O)[C@H]3O,[1.3862943611198906]
250,COc1nc(N)nc2c1ncn2[C@@H]3O[C@H](CO)[C@@H](O)[C@H]3O,[2.4397349311412793]
251,CC[C@H](C)C(=O)O[C@H]1C[C@H](O)C=C2C=C[C@H](C)[C@H](CC[C@@H](O)C[C@@H](O)CC(=O)O)[C@@H]12,[3.331489969237335]
252,CCC(C)(C)C(=O)O[C@H]1C[C@@H](C)C=C2C=C[C@H](C)[C@H](CC[C@@H](O)C[C@@H](O)CC(=O)O)[C@@H]12,[3.856087373097843]
253,COc1ccnc(CCc2nc3cc(Br)cnc3[nH]2)c1,[3.4011973816621555]
254,COc1ccnc(CCc2nc3cccnc3[nH]2)c1,[2.9902170928658807]
255,Oc1cc(cc(c1)C(F)(F)F)C(=O)Nc2cccc(c2)c3nnn[nH]3,[3.418054498728578]
256,Nc1cc(cc(c1)C(F)(F)F)C(=O)Nc2cccc(c2)c3nnn[nH]3,[3.1962211343033946]
257,Oc1ccc(CCNCCCCCCOCCc2ccccc2)c3sc(O)nc13,[4.48863636973214]
258,CC(C)(CCCCCOCCc1ccccc1)NCCc2ccc(O)c3nc(O)sc23,[4.543613880288985]
259,Cc1cc(nn1C[C@H](O)CN)c2ccc(Cl)c(c2)C(=O)NCC3(O)CCCCCC3,[1.3862943611198906]
260,Cc1cc(n[nH]1)c2ccc(Cl)c(c2)C(=O)NCC3(O)CCCCCC3,[4.060443010546419]
261,COC(=O)[C@@H](N1CCc2sccc2C1)c3ccccc3Cl,[4.927253685157205]
262,Clc1ccccc1CN2CCc3sccc3C2,[5.017279836814924]
263,OCCc1ccc(NC(=O)c2cc3cc(Cl)ccc3[nH]2)cc1,[4.160444363926624]
264,OCCc1cccc(NC(=O)c2cc3cc(Cl)ccc3[nH]2)c1,[5.017279836814924]
265,COc1cc(Nc2nc3c(cc2F)ncn3[C@@H](CO)c4ccc(F)cn4)n[nH]1,[3.3513066120486905]
266,CCOc1cc(Nc2nc3c(cc2F)ncn3[C@@H](CO)c4ccc(F)cn4)n[nH]1,[3.4404180948154366]
267,COc1ccc2nc(C)cc(OCC(=O)NCc3ccccc3)c2c1,[4.797689567758492]
268,Cc1cc(OCC(=O)NCc2ccccc2)c3cc(Br)ccc3n1,[3.956805148200039]
269,CC(=O)N1N=C(CC1c2ccc(C)cc2)c3ccc(Br)cc3,[3.462606009790799]
270,COc1ccc(cc1)C2CC(=NN2C(=O)C)c3ccc(Br)cc3,[2.8678989020441064]
271,CN(C)CCCN1c2ccccc2CCc3ccccc13,[5.017279836814924]
272,CNCCCN1c2ccccc2CCc3ccccc13,[5.017279836814924]
273,COC(=O)C1=C(C)NC(=C(C1c2ccccc2[N+](=O)[O-])C(=O)OC)C,[5.017279836814924]
274,CCOC(=O)C1=C(C)NC(=C(C1c2cccc(c2)[N+](=O)[O-])C(=O)OC)C,[4.330733340286331]
275,Cc1cccc2c(O)nc(nc12)c3ccc(cc3)C(F)(F)F,[3.8439582745140166]
276,COc1ccc(cc1)c2nc(O)c3ccccc3n2,[5.017279836814924]
277,C[C@@H]1Cc2c([nH]c3cc(Cl)c(F)cc23)[C@]4(N1)C(=O)Nc5ccc(Cl)cc45,[2.1090003439213802]
278,C[C@H]1Cc2c([nH]c3cc(Cl)c(F)cc23)[C@@]4(N1)C(=O)Nc5ccc(Cl)cc45,[2.2731562823032334]
279,C[C@H](NC(=O)c1c(C)nn(C2CCN(CC(F)(F)F)CC2)c1NS(=O)(=O)c3ccc(C)cc3)C(C)(C)C,[1.3862943611198906]
280,C[C@H](NC(=O)c1c(C)nn(C2CCN(C)CC2)c1NS(=O)(=O)c3ccc(C)cc3)C(C)(C)C,[1.3862943611198906]
281,C[C@H](N1CC[C@@](CCO)(OC1=O)c2ccc(F)cc2)c3ccc(cc3)c4ccc(F)cc4F,[1.3862943611198906]
282,C[C@H](N1CC[C@](CCO)(OC1=O)c2ccc(F)cc2)c3ccc(cc3)c4ccc(F)cc4F,[4.183118274275528]
283,COc1ccccc1CCNCc2ccc(CCNC[C@H](O)c3ccc(O)c4NC(=O)Sc34)cc2,[3.4011973816621555]
284,O[C@@H](CNCCc1ccc(CNCCc2ccccc2F)cc1)c3ccc(O)c4NC(=O)Sc34,[2.70805020110221]
285,Cc1cc(CCC[N+]23CCC(CC2)[C@H](C3)OC(=O)[C@@](C)(N4CCCCC4)c5ccccc5)ccn1,[3.6130777406976544]
286,C[C@@](N1CCCCC1)(C(=O)O[C@H]2C[N+]3(CCCc4ccncc4)CCC2CC3)c5ccccc5,[4.418840607796598]
287,C[C@H](CO)N1C=Cc2c(NC(=O)Cc3ccc(Cl)c(c3)C(F)(F)F)cccc2C1=O,[3.4011973816621555]
288,OCCN1C=Cc2c(NC(=O)Cc3ccc(Cl)c(c3)C(F)(F)F)cccc2C1=O,[2.4849066497880004]
289,COc1cc(NC(=O)c2ccccn2)ccc1Cl,[5.017279836814924]
290,Clc1cccc(NC(=O)c2ccccn2)c1,[5.017279836814924]
291,COCCOc1cc2ncnc(Nc3cccc(c3)C#C)c2cc1OCCOC,[2.3767644911682972]
292,Cc1cccc(Nc2ncnc3ccc(NC(=O)C=C)cc23)c1,[5.017279836814924]
293,CS(=O)(=O)Nc1ccc(CCOCCCS(=O)(=O)CCNCCc2ccc(O)c3nc(O)sc23)cc1,[4.663439094112067]
294,Oc1ccc(CCNCCS(=O)(=O)CCCOCCc2ccccc2)c3sc(O)nc13,[4.5217885770490405]
295,CCOc1ccc(NC(=O)CCc2c(C)nc3nc(C)nn3c2C)cc1,[1.6428726885203377]
296,COc1ccc(NC(=O)CCc2c(C)nc3nc(C)nn3c2C)cc1,[1.4085449700547104]
297,O=C(N1CCN(Cc2ccccc2)CC1)c3ccccc3,[5.017279836814924]
298,OC(=O)COc1ccc(cc1CN2CCN(CC2)C(=O)c3ccccc3)C(F)(F)F,[1.3862943611198906]
299,COc1cccc2c1c(NS(=O)(=O)c3ccc(Cl)s3)nn2Cc4cccc(CNC(=O)C)c4,[2.6390573296152584]
300,COc1cccc2c1c(NS(=O)(=O)c3ccc(Cl)s3)nn2Cc4cccc(CNC(=O)C(C)(C)O)c4,[3.258096538021482]
301,CCO\N=C\c1ccc(OCCC2CCN(CC2)c3ccc(C)nn3)cc1,[3.295836866004329]
302,CCOC(=O)c1ccc(OCCC2CCN(CC2)c3ccc(C)nn3)cc1,[5.017279836814924]
303,COCC1=C(N2[C@H](SC1)[C@H](NC(=O)\C(=N/OC)\c3csc(N)n3)C2=O)C(=O)O,[1.3862943611198906]
304,COCC1=C(N2[C@H](SC1)[C@H](NC(=O)\C(=N/OC)\c3csc(N)n3)C2=O)C(=O)OC(C)OC(=O)OC(C)C,[4.752037261797644]
305,Cc1nc2ncnn2c(O)c1CCOC(=O)c3ccccc3F,[4.867534450455582]
306,Cc1nc2ncnn2c(O)c1CCOC(=O)c3c(F)cccc3F,[4.179604406172924]
307,Cc1c(Sc2ccc(Cl)cc2)c3c(NS(=O)(=O)C)cccc3n1CC(=O)O,[1.791759469228055]
308,Cc1c(Sc2ccc(Cl)cc2)c3cc(F)ccc3n1CC(=O)O,[3.5553480614894135]
309,C[C@@H](O)[C@@H]1[C@H]2[C@@H](C)C(=C(N2C1=O)C(=O)OCOC(=O)C(C)(C)C)SC3CN(C3)C4=NCCS4,[5.017279836814924]
310,C[C@@H](O)[C@@H]1[C@H]2[C@@H](C)C(=C(N2C1=O)C(=O)O)SC3CN(C3)C4=NCCS4,[1.7561322915849038]
311,Cc1ccc(NC(=O)[C@H]2CCCN2S(=O)(=O)c3cccc4cccnc34)c(C)c1,[5.017279836814924]
312,Cc1ccc(NC(=O)[C@@H]2CCCN2S(=O)(=O)c3cccc4cccnc34)c(C)c1,[5.017279836814924]
313,COc1ccc2nc(C)cc(OCC(=O)Nc3ccccc3OC)c2c1,[5.017279836814924]
314,Cc1cc(OCC(=O)Nc2ccccc2)c3cc(Br)ccc3n1,[5.017279836814924]
315,CO[C@@H]1C[C@H](C[C@@H](C)[C@@H]2CC(=O)[C@H](C)\C=C(/C)\[C@@H](O)[C@@H](OC)C(=O)[C@H](C)C[C@H](C)\C=C\C=C\C=C(/C)\[C@H](C[C@@H]3CC[C@@H](C)[C@@](O)(O3)C(=O)C(=O)N4CCCC[C@H]4C(=O)O2)OC)CC[C@H]1O,[5.017279836814924]
316,CO[C@@H]1C[C@H](C[C@@H](C)[C@@H]2CC(=O)[C@H](C)\C=C(/C)\[C@@H](O)[C@@H](OC)C(=O)[C@H](C)C[C@H](C)\C=C\C=C\C=C(/C)\[C@H](C[C@@H]3CC[C@@H](C)[C@@](O)(O3)C(=O)C(=O)N4CCCC[C@H]4C(=O)O2)OC)CC[C@H]1OC(=O)C(C)(CO)CO,[5.017279836814924]
317,Cc1c(cnn1c2ccc(cc2)C(=O)O)C(=O)NC3C4CC5CC(CC3C5)C4,[1.3862943611198906]
318,CSc1c(cnn1c2ccc(cc2)C(=O)O)C(=O)NC3C4CC5CC(CC3C5)C4,[2.5877640352277083]
319,CCOC(=O)c1c(nc2ccc(C)cn12)c3ccccc3,[4.8433205694088235]
320,CCOC(=O)c1c(nc2cc(C)ccn12)c3ccccc3,[5.003342096602114]
321,CNC(=O)Nc1nc2ccc(cn2n1)c3cncc(c3)S(=O)(=O)NC(C)(C)C,[1.3862943611198906]
322,CC(C)(C)NS(=O)(=O)c1cncc(c1)c2ccc3nc(N)nn3c2,[3.044522437723423]
323,CNc1nc(C)c(s1)c2nc(Nc3cccc(c3)N4CCCN(CC4)C(=O)C)ncc2C#N,[5.017279836814924]
324,CNc1nc(C)c(s1)c2nc(Nc3cccc(c3)N4CCCNCC4)ncc2C#N,[3.0204248861443626]
325,C[C@H](Nc1nc(Nc2cc(C)[nH]n2)c(Cl)cc1C#N)c3ccc(F)cn3,[1.969905654611529]
326,CC(C)(C)NC(=O)[C@@H]1C[C@@H]2CCCC[C@@H]2CN1C[C@@H](O)[C@H](Cc3ccccc3)NC(=O)[C@H](CC(=O)N)NC(=O)c4ccc5ccccc5n4,[5.017279836814924]
327,CCOc1ccc(cc1)N2C(=O)c3cccnc3N=C2[C@@H](C)N(CC4CCN(C)CC4)C(=O)Cc5ccc(F)c(c5)C(F)(F)F,[3.0421386463681466]
328,OC(=O)c1ccccc1c2ccc(Cl)c(c2)C(=O)NCC3(O)CCCCCC3,[2.6026896854443837]
329,Oc1ccc(CCNCCCCCCNC(=O)Nc2ccccc2)c3sc(O)nc13,[4.59511985013459]
330,CN[C@@H](C)C(=O)N[C@@H](C1CCCCC1)C(=O)N[C@H]2C[C@@H]3CC[C@H]2N(CCc4ccccc4)C3,[3.0421386463681466]
331,Cc1ccccc1Nc2nc(N)nc(C)c2Br,[5.017279836814924]
332,Cc1nc(cs1)C(=O)N2CCOC3(CCN(Cc4ccc(Cl)cc4)CC3)C2,[3.871201010907891]
333,Cc1ccc(cc1)S(=O)(=O)Nc2c(C(=O)NC3CCOCC3)c(C)nn2c4ccccc4,[2.70805020110221]
334,COc1nc2ccc(Br)cc2cc1[C@@H](c3ccccc3)[C@@](O)(CCN(C)C)c4cccc5ccccc45,[2.7166795278002644]
335,N[C@@H](C(=O)N[C@H]1[C@H]2CCC(=C(N2C1=O)C(=O)O)Cl)c3ccccc3,[1.3862943611198906]
336,Cc1noc(NS(=O)(=O)c2ccc(N)cc2)c1C,[1.3862943611198906]
337,C[C@@H]1CN(CCN1C(=O)[C@@H]2CCCC[C@H]2C(=O)NC3(CC3)C#N)c4ccc5c(C)noc5c4,[2.3350522831315472]
338,COc1ccc2nc(C)cc(c2c1)n3cc(CNC(=O)C)nn3,[2.048982334195127]
339,CCCNC(=O)CSc1ccc(cn1)S(=O)(=O)N2CCCC2,[4.024458434757935]
340,CN(CCOc1ccc(NS(=O)(=O)C)cc1)CCc2ccc(NS(=O)(=O)C)cc2,[2.6518325211039815]
341,CCOc1ccc(cc1)N2C(=O)c3ccccc3N=C2[C@@H](C)N(Cc4cccnc4)C(=O)Cc5ccc(cc5)C(F)(F)F,[3.7923381624821664]
342,CN1CCN(CC1)c2ccc3N=CN(C(=O)c3c2)c4cc(NC(=O)c5cocc5)ccc4C,[1.3862943611198906]
343,OC1(CCN(CCCC(=O)c2ccc(F)cc2)CC1)c3ccc(Cl)cc3,[2.7239235502585]
344,CN1C(=O)C(=Cc2cnc(Nc3ccc(F)cc3)nc12)c4c(Cl)cccc4Cl,[1.969905654611529]
345,Cc1c(c2ccc(O)cc2)n(Cc3ccc(OCCN4CCCCCC4)cc3)c5ccc(O)cc15,[3.5967641652061304]
346,CSCCC(NC(=O)c1cnccn1)c2nc3ccccc3[nH]2,[4.31748811353631]
347,C[N+]1(C)[C@@H]2C[C@H](C[C@H]1[C@@H]3O[C@H]23)OC(=O)C(O)(c4cccs4)c5cccs5,[4.912654885736052]
348,COc1ccc(cc1)[C@@H]2Sc3ccccc3N(CCN(C)C)C(=O)[C@@H]2OC(=O)C,[5.017279836814924]
349,Cc1cccc2c(CCNCc3cccc(CCNC[C@H](O)c4ccc(O)c5NC(=O)Sc45)c3)c[nH]c12,[3.2188758248682006]
350,CCOc1ccc2oc(C(=O)NC(CCSC)c3nc4ccccc4[nH]3)c(C)c2c1,[3.332204510175204]
351,NC1(CCC1)c2ccc(cc2)c3c(ccn4ccnc34)c5ccccc5,[5.017279836814924]
352,O=C(CC12CC3CC(CC(C3)C1)C2)Nc4cccc5C(=O)N(C[C@H]6CCCN6)C=Cc45,[3.784189633918261]
353,Fc1cnc(NC(=O)C(CC2CCOCC2)c3ccc(cc3)S(=O)(=O)C4CC4)s1,[1.8718021769015913]
354,CC(C)N(CCCNC(=O)Nc1ccc(cc1)C(C)(C)C)C[C@H]2O[C@H]([C@H](O)[C@@H]2O)n3ccc4c(N)ncnc34,[3.551913599040779]
355,CC(C)(C)NS(=O)(=O)c1cncc(c1)c2ccc3nc(NC(=O)NCC(=O)N4CCOCC4)nn3c2,[1.791759469228055]
356,O=C(NCc1ccccc1)c2cc(on2)c3occc3,[4.934761661517082]
357,NC(=O)C([C@@H]1CCN(CCc2ccc3OCCc3c2)C1)(c4ccccc4)c5ccccc5,[3.9504741918023987]
358,Cc1cc(C(=O)CN2C=C(C=CC2=O)C(F)(F)F)c(C)n1Cc3ccccc3,[5.017279836814924]
359,O[C@@H]1CCN(C1)c2ccc3c(NC(=O)CNc4cccc(c4)C#N)c(Cl)ccc3n2,[2.1972245773362196]
360,Cc1cc(C)cc(c1)c2oc(SCC(=O)N3CCN(CC3)C(=O)c4occc4)nn2,[4.501253072568319]
361,COc1cc2c3N([C@H](C)c4ccccn4)C(=O)Nc3cnc2cc1c5c(C)onc5C,[1.4793292270870801]
362,CN(C)C(C)(C(=O)OC1CC[N+](C)(C)CC1)c2ccccc2,[2.833213344056216]
363,C[C@H](NC(=O)c1c(C)nn(c1NS(=O)(=O)c2cccc(CN3CCOCC3)c2)c4ccccc4)C(C)(C)C,[2.3978952727983707]
364,Fc1cccc(COc2ccc(Nc3ncnc4ccc(cc34)c5cccc(c5)N6CCOCC6)cc2Cl)c1,[3.821441627196908]
365,CCCCn1c(SCC(=O)Nc2cc(C)on2)nnc1c3occc3,[5.017279836814924]
366,Nc1ccc2c(c3ccncc3)c([nH]c2n1)c4ccc(F)cc4,[4.7748285688286485]
367,Clc1cccc(c1Cl)n2nnnc2NCc3ccccc3Oc4ccccn4,[5.017279836814924]
368,CCC(CC)NC(=O)c1cnn(c1NS(=O)(=O)c2ccc(C)cc2)c3ccccn3,[2.3933394562625097]
369,O=C(C1CCN(CC1)c2nnc(s2)n3cccc3)N4CCc5ccccc5C4,[3.8663978274018707]
370,COc1ccc(cc1)C#Cc2ccc(cc2)[C@@H]3[C@H](CO)N4CCCCN(C[C@@H]34)C(=O)Nc5cccc(F)c5,[2.954910279033736]
371,Cc1cc(OCCCS(=O)(=O)C)cc(C)c1c2cccc(COc3ccc4[C@H](CC(=O)O)COc4c3)c2,[2.3978952727983707]
372,COc1ccc(CCN(C)CCCC(C#N)(C(C)C)c2ccc(OC)c(OC)c2)cc1OC,[4.660699495780571]
373,O[C@@H](CNCCc1cccc(CNCCCc2ccccc2)c1)c3ccc(O)c4NC(=O)Sc34,[2.995732273553991]
374,[O-][S+](c1ccccc1)c2ccc3nnnn3n2,[5.017279836814924]
375,CN1CCN(CC(=O)N2c3ccccc3C(=O)Nc4cccnc24)CC1,[2.048982334195127]
376,COc1ccc(Cc2c(N)n[nH]c2N)cc1,[1.5325568680981427]
377,O=C(CN1CCOCC1)Nc2ccc(cc2c3ccccc3)c4cccc5C(=O)C=C(Oc45)N6CCOCC6,[4.820523471827238]
378,O=C1N=C(NCc2ccccc2)SN1Cc3ccccc3,[3.0421386463681466]
379,CC1=CN([C@H]2CCCN(C2)[C@H](CC3CCOCC3)c4ccc(C(=O)O)c(Oc5cccc(Cl)c5)c4)C(=O)NC1=O,[2.998229153752578]
380,OC(=O)CCCCCCc1ccc(Cc2ccc3ccccc3n2)cc1,[5.017279836814924]
381,N[C@@H]1CCCN(C1)c2ccccc2\C=C\3/SC(=O)NC3=O,[1.81319474994812]
382,CC(=O)Nc1ccc2c(c1)c(cn2CCCO)c3cc(NC4CC4)n5ncc(C#N)c5n3,[2.5877640352277083]
383,CN(c1ccnc(Nc2cc(cc(c2)N3CCOCC3)N4CCOCC4)n1)c5cc(CO)ccc5C,[3.484925597192868]
384,CC1=C(Cc2ccccc2)C(=O)n3nc(NCc4cccc(Br)c4)nc3N1,[1.3862943611198906]
385,Nc1c(cnn1c2ccc(F)cc2)C(=O)c3cccc(OC[C@@H](O)CO)c3,[1.3862943611198906]
386,Cc1nc(Nc2ncc(s2)C(=O)Nc3c(C)cccc3Cl)cc(n1)N4CCN(CCO)CC4,[3.3734835430946397]
387,OB1N(C(=O)Nc2ccccc12)c3ccccc3,[2.190535589185423]
388,Oc1ccc(cc1)c2sc3cc(O)ccc3c2C(=O)c4ccc(OCCN5CCCCC5)cc4,[3.4339872044851463]
389,CN(CC(=O)N(Cc1ccc(cc1)C2CCCCC2)c3ccc(C(=O)O)c(O)c3)S(=O)(=O)c4c(F)c(F)c(F)c(F)c4F,[4.319219946381069]
390,N(c1ccccc1)c2[nH]nnc2c3ccccc3,[4.718498871295094]
391,CCC[C@@H](CNC(=O)c1nc(Cl)c(N)nc1N)[N+](C)(C)CCCc2ccc(OC)cc2,[3.218475744846861]
392,COc1ccc(CC(=O)Nc2nc3ccccc3[nH]2)cc1,[2.6304489550786583]
393,Clc1ccc2C(=C3CCNCC3)c4ncccc4CCc2c1,[3.329343277894172]
394,Cc1ccc(cc1)n2nc(cc2NC(=O)Nc3ccc(OCCN4CCOCC4)c5ccccc35)C(C)(C)C,[4.2510633701550695]
395,CCOc1noc2cc(OCCC3CCN(CC3)c4ccc(C)nn4)ccc12,[2.211565694606877]
396,CC1(CCCC2=CC(=O)OC3=C2C(=O)NC(=O)N3)CC1,[3.7764323511217976]
397,Clc1ccc(CNc2nc(nc3ncccc23)N4CCN(CC4)C(=O)[C@@H]5CCCN5)c(Cl)c1,[1.9459101490553132]
398,Cc1ccccc1N2C(=Nc3cccc(C)c3C2=O)Cn4cnc5c(N)ncnc45,[3.218475744846861]
399,C[C@H](NC(=O)c1c(C)nn(C2CCOCC2)c1NS(=O)(=O)c3ccc(C)cc3)C(C)(C)C,[1.3862943611198906]
400,C(Sc1nc2cccnc2[nH]1)c3ccccc3,[4.5217885770490405]
401,CCS(=O)(=O)c1ccc2[nH]c(nc2c1)c3cccc(c3)c4ccccc4,[3.2406373166497136]
402,CCc1c2CN3C(=O)C4=C(C=C3c2nc5ccc(OC(=O)N6CCC(CC6)N7CCCCC7)cc15)[C@@](O)(CC)C(=O)OC4,[1.3862943611198906]
403,CCOC(=O)C1=C(C)NC(=C([C@H]1c2cccc3C(=O)C=C(C)Oc23)C(=O)C)C,[4.660699495780571]
404,C[C@@](N1CCCCC1)(C(=O)O[C@H]2C[N+]3(CCCc4ccc5ncsc5c4)CCC2CC3)c6ccccc6,[4.204692619390966]
405,Cc1ccc(cc1)\C(=C/CN2CCCC2)\c3ccccn3,[4.442651256490317]
406,C[C@@H](O)[C@H](NC(=O)c1ccc(cc1)C#Cc2ccc(CN3CCOCC3)cc2)C(=O)NO,[3.686376323895818]
407,Fc1cccc(F)c1C(=O)OC(CNc2ncc(cc2Cl)C(F)(F)F)CC#N,[5.017279836814924]
408,O=C(NC1(CC1)C#N)[C@@H]2CCCC[C@H]2C(=O)N3CCc4[nH]c5ncccc5c4C3,[1.3862943611198906]
409,Cc1cc(CN2Cc3ccccc3C[C@H]2C(=O)Nc4ccc(Cl)cc4Cl)ccc1OCC(=O)O,[3.4657359027997265]
410,O[C@@H](CNCCCSCCNCCc1ccccc1Cl)c2ccc(O)c3NC(=O)Sc23,[2.5649493574615367]
411,[O-][n+]1cc(ccc1Cl)C(=O)Nc2ccc(F)cc2,[5.0106352940962555]
412,Oc1nc2ccccc2n1C3CCN(Cc4ccc(cc4)c5nc6ccccc6cc5c7ccccc7)CC3,[3.5967641652061304]
413,COc1nc(Br)cnc1NS(=O)(=O)c2ccc(Cl)s2,[1.3862943611198906]
414,Nc1ncnc2c1ncn2[C@@H]3O[C@H](CSCCCNC(=O)NCc4ccccc4)[C@@H](O)[C@H]3O,[2.7376090033437546]
415,OC(=O)c1ccc(cc1)c2ccc(Cl)c(c2)C(=O)NCC34CC5CC(CC(C5)C3)C4,[1.3862943611198906]
416,C[C@H](CO)Nc1nc(SCc2cccc(F)c2F)nc3NC(=O)C=Nc13,[3.7612001156935624]
417,C[C@H](NC(=O)c1cccc2CCN(Cc3ccc(Cl)cc3)c12)c4ccc(cc4)C(=O)O,[2.6518325211039815]
418,COc1ccc(cc1)C(=O)NCc2cn(nn2)c3cc(C)nc4ccc(OC)cc34,[2.6946271807700692]
419,C1Cc2n[nH]cc2c3nc(Nc4ccccn4)sc3C1,[3.6192613872330663]
420,O=C(NC1=CC(=CNC1=O)c2ccncc2)[C@H](Cc3ccccc3)NC4(CC4)c5ccccn5,[5.017279836814924]
421,CN1CCC(CC1)Oc2cccc3ncnc(Nc4ccc(OCc5ccccn5)c(Cl)c4)c23,[2.4849066497880004]
422,C[C@H](Cc1cccc(CC(=O)NC23CC4CC(CC(C4)C2)C3)c1)NC[C@H](O)c5ccc(O)c(CO)c5,[3.784189633918261]
423,C[C@H](NC(=O)c1c(C)nn(C2CCC2)c1NS(=O)(=O)c3ccc(C)cc3)C(C)(C)C,[2.8903717578961645]
424,O[C@H](CNC(=O)C1=CNC(=O)c2cc(ccc12)S(=O)(=O)N3CCC3)CN4CCC(CC4)Oc5ccc(Cl)c(Cl)c5,[1.3862943611198906]
425,CSCCC(NC(=O)c1sccc1Cl)c2nc3ccccc3[nH]2,[5.017279836814924]
426,Clc1ccccc1N2NC3=CC(=O)N4CCCN(Cc5ccccc5)CC4=C3C2=O,[1.3862943611198906]
427,O=C(Nc1nc2C(=O)NC=Nc2s1)c3ccccc3,[5.017279836814924]
428,CC(C)c1nnc2ccc(cn12)c3ocnc3c4cc(F)ccc4F,[1.3862943611198906]
429,FC1(F)Oc2ccc(\C=C\3/SC(=O)NC3=O)cc2O1,[1.6428726885203377]
430,C[C@H](NC(=O)c1c(C)nn(C2CCOCC2)c1NS(=O)(=O)c3ccc(cc3)C4CC4)C(C)(C)C,[1.3862943611198906]
431,C[C@@H]1CN(CCN1C(=O)[C@@H]2CCCC[C@H]2C(=O)NC3(CC3)C#N)c4ccc5c(C)nn(C)c5c4,[2.211565694606877]
432,CCNC(=O)c1ccc(C)c(c1)N2C=Nc3ccc(cc3C2=O)N4CCN(C)CC4,[1.3862943611198906]
433,Cc1oc(cc1C(=O)Nc2cccc(c2)C(=O)O)c3ccccc3,[4.205736850111646]
434,COc1cc2ncnc(Nc3ccc(F)c(Cl)c3)c2cc1NC(=O)\C=C\CN4CCCCC4,[2.3767644911682972]
435,COc1ccc2nc(NC(=O)CCc3ccc(OC)c(OC)c3)sc2c1,[5.017279836814924]
436,Cc1c[nH]c(n1)c2cnc(NCCNc3ccc(cn3)C#N)nc2c4ccc(Cl)cc4Cl,[4.6913478822291435]
437,CC1Cc2ccccc2N1NC(=O)c3ccc(Cl)c(c3)S(=O)(=O)N,[2.6518325211039815]
438,CCOc1ccc(cn1)c2ccc(Cn3c(CC(C)(C)C(=O)O)c(SC(C)(C)C)c4cc(OCc5ccc(C)cn5)ccc34)cc2,[2.0693912058263346]
439,CCn1c(SCC(=O)Nc2cccc(C)c2)nnc1c3ccccc3,[5.017279836814924]
440,OC(=O)COc1ccc(Cl)cc1CN2CCCN(CC2)S(=O)(=O)c3ccccc3,[1.791759469228055]
441,CCN(Cc1cc(ccc1c2cc(CC(=O)O)ccc2OC)C(F)(F)F)C(=O)NCc3ccccc3,[2.954910279033736]
442,CCS(=O)(=O)CCCC12CCC(CC1)(CC2)c3nnc(c4ccccc4C(F)(F)F)n3C,[1.3862943611198906]
443,O=C(Nc1cccc2cccnc12)[C@@H]3CC[C@H](CC3)N4C(=O)[C@@H]5[C@@H]6CC[C@@H](C6)[C@@H]5C4=O,[5.017279836814924]
444,CCc1nc2cc(O)ccc2c(Oc3ccc(\C=C\C(=O)O)cc3)c1c4ccccc4,[4.637927750226264]
445,O[C@H](C[C@H](O)\C=C\c1c(nc2ccccc2c1c3ccc(F)cc3)C4CC4)CC(=O)O,[2.0930978681273213]
446,Cc1c(F)cc(cc1c2ccc(cn2)C(=O)NCC(C)(C)C)C(=O)NC3CC3,[1.9892432737616872]
447,NC1(CCC1)c2ccc(cc2)c3nn4ccnc4cc3c5ccccc5,[5.017279836814924]
448,C[C@H]1COc2c(N3CCN(C)CC3)c(F)cc4C(=O)C(=CN1c24)C(=O)O,[1.3862943611198906]
449,CC(C)N(CCCNC(=O)Nc1ccc(cc1)C(C)(C)C)C[C@H]2O[C@H]([C@H](O)[C@@H]2O)n3cnc4c(N)ncnc34,[3.329343277894172]
450,CCC(CC)NC(=O)c1cn(nc1NS(=O)(=O)c2ccc(C)cc2)c3ccccc3,[2.0794415416798357]
451,Cc1nc2ccccn2c1c3ccnc(N)n3,[3.108167702883779]
452,Cc1c(sc2ncnc(O)c12)C(=O)Nc3ccccc3,[5.017279836814924]
453,Cc1[nH]c2ccc(cc2c1C)c3oc(SCC(=O)N4CCCc5ccccc45)nn3,[5.017279836814924]
454,CN(C)CCNc1cc(nc2cc(nn12)c3ccc(F)cc3)c4ccccc4,[3.218475744846861]
455,C[C@H](NC(=O)c1c(C)nn(C2CCCC2)c1NS(=O)(=O)c3ccc(C)cc3)C(C)(C)C,[2.1972245773362196]
456,Cc1c(C)c2OC(C)(COc3ccc(CC4SC(=O)NC4=O)cc3)CCc2c(C)c1O,[5.017279836814924]
457,Cc1ccc(CCOCCNS(=O)(=O)CCCNCCc2ccc(O)c3nc(O)sc23)cc1,[5.017279836814924]
458,CC(NC(=O)c1cc(O)nc2ccccc12)c3ccccc3,[1.8325814637483102]
459,Clc1c(ccnc1N2CCNCC2)C(=O)NCC34CC5CC(CC(C5)C3)C4,[2.1041341542702074]
460,CNC(=O)c1c(F)cccc1Nc2nc(Nc3cc4N(CCc4cc3OC)C(=O)CN(C)C)nc5[nH]ccc25,[3.130263166511597]
461,Cc1ccc(cc1)c2oc(SCC(=O)N3CCN(CC3)c4ccccc4)nn2,[5.017279836814924]
462,Cc1ncc([N+](=O)[O-])n1CCO,[1.3862943611198906]
463,CS(=O)(=O)CCNCc1oc(cc1)c2ccc3ncnc(Nc4ccc(OCc5cccc(F)c5)c(Cl)c4)c3c2,[4.523960130562548]
464,Cc1nn(c(NC(=O)NS(=O)(=O)c2ccc(Cl)cc2)c1C#N)c3ccccc3,[3.112181086197238]
465,O=C(NCc1cccnc1)c2cc(on2)c3occc3,[5.017279836814924]
466,CCCS(=O)(=O)N1N=Cc2cc(Cl)ccc2B1O,[1.3862943611198906]
467,CSCCC(NC(=O)c1ccccc1)c2nc3ccccc3n2Cc4ccc(cc4)C#N,[5.017279836814924]
468,Oc1ccc(CCNCCN(C2CCCCC2)C(=O)CCNCCc3ccc(Cl)c(Cl)c3)c4OCC(=O)Nc14,[3.1354942159291497]
469,Clc1cccc(c1)c2cnc3ccc(NC4CCOCC4)nn23,[2.7593768282675506]
470,COc1cc(ccc1Nc2ccccc2C(=O)O)c3ccc(Nc4ccccc4C(=O)O)c(OC)c3,[3.484925597192868]
471,Clc1ccccc1NC(=O)c2cc[nH]n2,[5.017279836814924]
472,CCCSc1ccc2nc(NC(=O)OC)[nH]c2c1,[4.432957363342425]
473,OCC(=O)N1CCC(CC1)c2[nH]nc(c3ccc(Cl)cc3F)c2c4ccncn4,[1.3862943611198906]
474,CN(C)C(=O)C(CCN1CCC(O)(CC1)c2ccc(Cl)cc2)(c3ccccc3)c4ccccc4,[4.523960130562548]
475,CC1SC2=C(C(=O)O)C(=O)c3cc(F)c(cc3N12)N4CCN(CC5=C(C)OC(=O)O5)CC4,[4.2510633701550695]
476,C1CCN(CC1)[C@@H]([C@H](N2CCCCC2)c3ccccc3)c4ccccc4,[2.5664866367804233]
477,Clc1ccc(CN2CC3CNCC(C2)O3)cc1C(=O)NCC45CC6CC(CC(C6)C4)C5,[2.302585092994046]
478,CC(C)NCC(O)COc1ccc(CCOCC2CC2)cc1,[2.5649493574615367]
479,CN1SC(=O)c2cc(ccc12)S(=O)(=O)N,[2.911263116927541]
480,CC(C)(C)NC(=O)c1ccc(Oc2cc(F)c(CC(=O)O)cc2Cl)c(NS(=O)(=O)c3ccc(cc3Cl)C4CC4)c1,[1.9459101490553132]
481,COc1ccc(CC(=O)NC(N\C(=N\C#N)\Nc2ccccc2C)C(C)(C)C)cc1OC,[3.295836866004329]
482,C[C@@H]1CN(CCN1S(=O)(=O)c2ccc(cc2Cl)C(=O)N)c3ccc(F)cc3C(F)(F)F,[4.160444363926624]
483,CCN(CC)CCNc1ncnc2c1sc3nc(N4CCOCC4)c5CCCCc5c23,[3.3068867021909143]
484,Cc1ccccc1N=Nc2ccc(NC(=O)c3ccnn3C)c(C)c2,[3.9512437185814275]
485,Cc1cnc(Nc2ccc(F)cc2Cl)nc1c3c[nH]c(c3)C(=O)N[C@H](CO)c4cccc(Cl)c4,[2.6304489550786583]
486,Nc1ncnc2c1c(COc3cccc(Cl)c3)nn2C4CCOCC4,[5.017279836814924]
487,OC(c1ccc(c(F)c1)c2ccc(CN3CCN(Cc4ccncc4)CC3)cc2)(C(F)(F)F)C(F)(F)F,[2.5877640352277083]
488,C[C@H](NC(=O)c1c(C)nn(C2CCS(=O)(=O)CC2)c1NS(=O)(=O)c3ccc(C)cc3)C(C)(C)C,[1.6094379124341003]
489,COc1ccc2ncc(F)c(CCN3CCC(CC3)NCc4cc5OCCOc5cn4)c2n1,[4.934761661517082]
490,Cc1onc(NC(=O)CSc2nc(C)cc(C)n2)c1,[4.95758607300644]
491,Cc1cc(CCCOc2c(C)cc(cc2C)c3noc(n3)C(F)(F)F)on1,[2.673458756332591]
492,C[C@H](NC(=O)c1c(C)nn(C2CCCCC2)c1NS(=O)(=O)c3ccc(C)cc3)C(C)(C)C,[2.1972245773362196]
493,Cc1ncc2CN=C(c3ccccc3F)c4cc(Cl)ccc4n12,[4.804021044733257]
494,O[C@@H]1CNC[C@H]1N2C=Cc3c(NC(=O)Cc4ccc(F)c(c4)C(F)(F)F)cccc3C2=O,[1.3862943611198906]
495,CN(c1cccc(c1)C(=O)Nc2ccc(C)c(NC(=O)c3ccc4ncccc4c3)c2)S(=O)(=O)C,[4.296468746312235]
496,CC(C)N(c1ccnc(Nc2cc(cc(c2)S(=O)(=O)C)N3CCOCC3)n1)c4cc(CO)ccc4C,[4.001863709427935]
497,COc1cc(ccc1Nc2ncc(Cl)c(Oc3cccc(NC(=O)C=C)c3)n2)N4CCN(C)CC4,[4.387387240915977]
498,CCc1cccc2cc(oc12)C(O)CNC(C)(C)C,[5.017279836814924]
499,C[C@@](N1CCCCC1)(C(=O)O[C@H]2C[N+]3(CC(=O)Nc4ccncn4)CCC2CC3)c5ccccc5,[3.6888794541139363]
500,C[C@@H](NCc1ccccc1c2ccc(CCNC[C@H](O)c3ccc(O)c4NC(=O)Sc34)cc2)c5ccccc5,[4.6913478822291435]
501,NCC[C@@H](Sc1cc(Cl)ccc1C#N)c2ccccc2,[5.017279836814924]
502,OC1N=C(c2ccccc2Cl)c3cc(Cl)ccc3NC1=O,[2.911263116927541]
503,CCC1(CCC(C)C)C(=O)NC(=NC1=O)O,[2.545531271604435]
504,O[C@@H](CNCCCOCCNCCc1cccc(Cl)c1)c2ccc(O)c3NC(=O)Sc23,[1.3862943611198906]
505,O[C@@H](CNCCCCCCCCCN1CCC(CC1)OC(=O)Nc2ccccc2c3ccccc3)c4ccc(O)c5NC(=O)C=Cc45,[3.270708973508218]
506,CC(C)CNc1nc(ncc1C(=O)NCc2ccccc2)N3CCN(CC4CCCOC4)CC3,[4.501253072568319]
507,COc1ccccc1C(=O)Nc2ccc(Cc3ccncc3)cc2,[4.646312129319266]
508,CCC(CC)NC(=O)c1cnn(c1NS(=O)(=O)c2ccc(cc2)c3ocnc3)c4ccccc4,[3.970291913552122]
509,OC(C(=O)O[C@H]1C[N+]2(CCCOc3ccccc3)CCC1CC2)(c4cccs4)c5cccs5,[4.3943256902608985]
510,CC1=C2C(=CC(=O)N1Cc3ccccn3)NN(C2=O)c4ccccc4Cl,[1.3862943611198906]
511,CCN(CC)CCCCNc1ncc2CN(C(=O)N(Cc3cccc(NC(=O)C=C)c3)c2n1)c4c(Cl)c(OC)cc(OC)c4Cl,[3.7089271494177143]
512,CCn1c(SCC(=O)Nc2cc(C)on2)nnc1c3cccnc3,[4.3419855851366975]
513,COc1cc2nc(nc(N)c2cc1OC)N3CCN(CC3)C(=O)c4occc4,[2.5664866367804233]
514,C[C@H]1C[C@H](CN1C#N)NS(=O)(=O)c2cc(Br)ccc2Br,[3.6888794541139363]
515,Cc1ccccc1NC(=O)CCS(=O)(=O)c2ccc(Br)s2,[5.017279836814924]
516,Clc1ccc(cc1C(=O)NCC23CC4CC(CC(C4)C2)C3)N5N=CC(=O)NC5=O,[2.791165107812717]
517,CCCCc1oc2ccccc2c1C(=O)c3cc(I)c(OCCN(CC)CC)c(I)c3,[2.4849066497880004]
518,O[C@@H](CNCCCOCCOCCc1cccc2ccccc12)c3ccc(O)c4NC(=O)Sc34,[4.77912349311153]
519,O[C@@H](CNCCCOCCOCCc1ccccc1)c2ccc(O)c3NC(=O)Sc23,[4.07753744390572]
520,COc1ccc(cn1)C2=Cc3c(C)nc(N)nc3N([C@@H]4CC[C@H](CC4)OCCO)C2=O,[2.4612967841488667]
521,CCOC(=O)c1cnc2c(N)cccc2c1O,[5.017279836814924]
522,Cc1c(Cc2ccc3ccccc3n2)c4cc(F)ccc4n1CC(=O)O,[2.3978952727983707]
523,CCc1c(C)nc(SCC(=O)Nc2nc(cs2)c3ccc(OC)cc3)nc1O,[4.205736850111646]
524,Cc1onc(n1)c2ccc(OCC3CN(C3)c4ccc(C)nn4)cc2,[1.9459101490553132]
525,CCC(CC)NC(=O)c1cnn(Cc2ccccc2)c1NS(=O)(=O)c3ccc(C)cc3,[2.5649493574615367]
526,FC(F)(F)COc1ccc(OCC(F)(F)F)c(c1)C(=O)NCC2CCCCN2,[1.3862943611198906]
527,CCNC(=O)OC1CCN(CC1)c2nncc3cc(OC)c(OC)cc23,[3.551913599040779]
528,CCCCOc1nc(N)c2NC(=O)N(Cc3cccc(CC(=O)O)c3)c2n1,[1.3862943611198906]
529,CC1SC2=C(C(=O)O)C(=O)c3cc(F)c(cc3N12)N4CCNCC4,[1.3862943611198906]
530,CC(CCc1cccc(OCc2ccc3ccccc3n2)c1)CC(=O)O,[4.660699495780571]
531,O[C@@H](CNCCCSCCOCCc1cccc2ccccc12)c3ccc(O)c4NC(=O)Sc34,[4.454347296253507]
532,OC1CS(=O)(=O)CC1N2CCC(CC2)c3ccccc3,[4.3419855851366975]
533,OC(=O)CCn1c2CC[C@H](Cc2c3ccccc13)NS(=O)(=O)c4ccc(F)cc4,[1.9459101490553132]
534,C[C@H](NC(=O)c1c(C)nn(c1NS(=O)(=O)c2cccnc2)c3ccc(F)cc3)C(C)(C)C,[2.5649493574615367]
535,O=C(NC1CC1)C2=CN(c3cccc(c3)C#Cc4cccnc4)c5ncccc5C2=O,[3.4011973816621555]
536,OC(=O)C1CCN(CC1)c2ncccc2c3ccc(Cl)c(c3)C(=O)NCC4CCCCCC4,[2.772588722239781]
537,Fc1ccc(cc1)C(=O)C2CCN(CCN3C(=O)Nc4ccccc4C3=O)CC2,[3.2406373166497136]
538,O[C@@H](CNCCCSCCOCCc1ccccc1)c2ccc(O)c3NC(=O)Sc23,[4.736198448394496]
539,CC(C)c1ccc(NC(=O)Cn2cnc3N(C)C(=O)N(C)C(=O)c23)cc1,[2.8678989020441064]
540,COc1ccc(CNC(=O)Nc2ncc(s2)[N+](=O)[O-])cc1,[4.5217885770490405]
541,CC1(C)[C@H](NC(=O)\C(=N/OCC2=CC(=O)C(=CN2O)O)\c3csc(N)n3)C(=O)N1OS(=O)(=O)O,[2.5241273629412815]
542,Nc1nnc(CCSCCc2nnc(NC(=O)Cc3ccccc3)s2)s1,[4.296468746312235]
543,CCCC(=O)Nc1ccc(Cl)c(c1)c2oc3cccnc3n2,[4.406719247264253]
544,Cc1ccc(CNC(=O)C2CCCN2S(=O)(=O)c3ccc(F)cc3)cc1,[5.017279836814924]
545,CN(C)CCCOc1nn(Cc2ccccc2)c3ccccc13,[5.017279836814924]
546,OC(=O)C[C@@H]1CC[C@H](CC1)c2ccc(cc2)c3ccc(Nc4ccc(nc4)C(F)(F)F)cn3,[2.5241273629412815]
547,CC(C)(O)c1ccc(Nc2nc3ccc(cc3[nH]2)C#N)cc1,[1.7561322915849038]
548,CCN(C1CCCCC1)C(=O)c2cnn(c2NS(=O)(=O)c3ccc(cc3)c4ocnc4)c5ccccc5,[3.58351893845611]
549,Clc1ccc(CNc2nc(nc3ncccc23)N4CCN(CC4)C(=O)[C@H]5CCCCN5)c(Cl)c1,[2.3869262414277967]
550,CCc1cc2C(=O)c3c([nH]c4cc(ccc34)C#N)C(C)(C)c2cc1N5CCC(CC5)N6CCOCC6,[1.7934247485471162]
551,Nc1ccc(OCCc2ccccc2)cc1,[5.017279836814924]
552,CNCCC=C1c2ccccc2CCc3ccccc13,[4.976733742420574]
553,COC(=O)C1=C(C)NC(=C([C@@H]1c2cccc3nonc23)C(=O)OC(C)C)C,[5.017279836814924]
554,CCNC(=O)c1cnc(N2CCN([C@@H](CC)C2)C3CCN(Cc4ccc(Cl)cc4F)CC3)c(Cl)c1,[3.6635616461296463]
555,N[C@@H](Cc1cccs1)C(=O)N[C@]2(C[C@H]2c3ccccc3)C#N,[4.919980925828125]
556,O=C(Nc1ccc(nc1)n2ccnc2)c3ccc(cc3)C#N,[3.064325065019603]
557,Cc1ccc(cc1NC(=O)CC23CC4CC(CC(C4)C2)C3)C(=O)N5CC6CNCC(C5)O6,[2.847812143477369]
558,CNc1nc(C)c(s1)c2nc(Nc3cccc(c3)N4CCNCC4)ncc2C#N,[2.5877640352277083]
559,CC(=O)Nc1ccc2ccn(c3cc(Nc4ccn(C)n4)n5ncc(C#N)c5n3)c2c1,[3.7764323511217976]
560,CN1CCN(CC1)c2nc3ccccc3cc2Cn4nc(c5ccc6nc(N)sc6c5)c7c(N)ncnc47,[4.406719247264253]
561,CCOc1ccc2oc(C(=O)NC(CCSC)c3nc4cnccc4[nH]3)c(C)c2c1,[3.091042453358316]
562,Cc1ccccc1N2C(=Nc3cccc(C)c3C2=O)Cn4nc(c5ccc(O)c(F)c5)c6c(N)ncnc46,[3.821441627196908]
563,CC(=CCC[N+]12CCC(CC1)[C@H](C2)OC(=O)[C@@](C)(N3CCCCC3)c4ccccc4)C,[4.624972813284271]
564,COc1cc2c(Nc3ccc(F)c(Cl)c3)c(cnc2cc1OCCN(C)CCO)C(=O)N,[2.6093342281630525]
565,Cc1ccc2nc(C[N+]34CCC(CC3)[C@H](C4)OC(=O)[C@@](C)(N5CCCCC5)c6ccccc6)oc2c1,[5.017279836814924]
566,CN(C)CCNc1cc(nc2ccccc12)c3ccc(cc3)N4CCN(C)CC4,[1.3862943611198906]
567,CC[C@@H](NC1=C(Nc2cccc(C(=O)N(C)C)c2O)C(=O)C1=O)c3ccccc3,[4.189654742026425]
568,CS(=O)(=O)N1CC[C@@H](C1)N(Cc2ccccc2Cl)c3ccc(C#N)c(Cl)c3,[4.296468746312235]
569,CCOc1cc2ncc(C(=O)N)c(Nc3ccc(C)cc3F)c2cc1N4CCN(C)CC4,[2.5649493574615367]
570,CC(C)c1nc2ccccc2n1c3nc(N4CCOCC4)c5nc(OC6CN(C6)C7CCS(=O)(=O)CC7)n(C)c5n3,[2.3978952727983707]
571,CCOC(=O)\C=C\[C@H](C[C@@H]1CCNC1=O)NC(=O)[C@H](CC#C)N2C=CC=C(NC(=O)c3cc(C)on3)C2=O,[5.017279836814924]
572,CCc1[nH]c2nc(Sc3cnc4ccc[n+]([O-])c4c3)nc(N5C[C@@H]6[C@@H](N)[C@@H]6C5)c2c1Cl,[4.092342559551428]
573,CCn1c(SCC(=O)Nc2cc(C)on2)nnc1c3ccccc3,[5.017279836814924]
574,NC1(CCC1)c2ccc(cc2)c3ncc4nccn4c3c5ccccc5,[2.8460714989995846]
575,OCC(CO)N1C=Cc2c(NC(=O)CC34CC5CC(CC(C5)C3)C4)cccc2C1=O,[2.995732273553991]
576,CC(=O)c1ncccc1NC(=O)[C@@H]2CC[C@H](CC2)N3C(=O)[C@@H]4[C@@H]5CC[C@@H](C5)[C@@H]4C3=O,[5.017279836814924]
577,CN1CCN(CC1)C2=Nc3cc(Cl)ccc3Nc4ccccc24,[5.017279836814924]
578,C[C@]12CCC(=O)C=C1C=C[C@@H]3[C@@H]2CC[C@@]4(C)[C@H]3CC[C@@]45CCC(=O)O5,[3.8439582745140166]
579,COc1cc(ccc1OC[C@H](O)C2CC2)N3C=Nc4cc(sc4C3=O)c5ccc(Cl)cc5,[2.3767644911682972]
580,CS(=O)(=O)N1CCN(Cc2cc3nc(nc(N4CCOCC4)c3s2)c5cccc6[nH]ncc56)CC1,[3.5295905964305545]
581,CCN1CCN(CC1)c2ccc(Nc3cc(ncn3)N(C)C(=O)Nc4c(Cl)c(OC)cc(OC)c4Cl)cc2,[4.478472532942134]
582,COc1ccc2N=CC(=O)N(CCN3CCC(CC3)NCc4cc5OCCOc5cn4)c2c1,[5.017279836814924]
583,C[C@@](N1CCCCC1)(C(=O)O[C@H]2C[N+]3(Cc4onc(n4)c5ccccc5)CCC2CC3)c6ccccc6,[4.02535169073515]
584,COC(=O)c1ccc(C)c(NS(=O)(=O)c2ccc3N(C)SC(=O)c3c2)c1,[5.017279836814924]
585,CC[C@H](CO)Nc1nc(NCc2ccccc2)c3ncn(C(C)C)c3n1,[4.683519152399068]
586,CC(C)(C)c1ccc2[C@@H](CCc2c1)NC(=O)Nc3cccc4[nH]ncc34,[3.064325065019603]
587,CC(N1CCC(F)(F)CC1)(C(=O)OC2CC[N+](C)(C)CC2)c3ccccc3,[3.6635616461296463]
588,COc1ccncc1c2ccccc2CN(C(=O)c3oc(cc3)c4ccc(cc4)C#N)c5ccc(cc5)N6CCNCC6,[3.2846635654062037]
589,CC(C)(C)NS(=O)(=O)c1cncc(c1)c2ccc3nc(NC(=O)NCC(=O)N4CCCC4)nn3c2,[1.3862943611198906]
590,OC(=O)CCc1ccc(OCc2cc(Cl)ccc2c3ccccc3)cc1,[2.6946271807700692]
591,C[C@H](O)C(=O)N1CCN(Cc2sc3c(nc(nc3c2C)c4cnc(N)nc4)N5CCOCC5)CC1,[1.3862943611198906]
592,COc1ccc(N(C(=O)Oc2c(C)cccc2C)c3ccnc(Nc4ccc(cc4)N5CCN(C)CC5)n3)c(OC)c1,[3.5967641652061304]
593,O[C@@H](CNCCc1cccc(CN2CCC(CC2)c3ccccc3)c1)c4ccc(O)c5NC(=O)Sc45,[3.4011973816621555]
594,O=C(NC1CC1)Nc2c[nH]nc2c3nc4cc(CN5CCOCC5)ccc4[nH]3,[1.3862943611198906]
595,Cc1oncc1C(=O)Nc2ccc(cc2)C(F)(F)F,[3.218475744846861]
596,COc1ccc2nc(C)cc(N3CC(CNC(=O)C4CC4)OC3=O)c2c1,[3.0204248861443626]
597,CCC(=O)NC(c1cccs1)c2cc(Cl)c3cccnc3c2O,[5.017279836814924]
598,Cc1nocc1C(=O)Nc2ccc(c(N)n2)c3ccccc3OC(F)(F)F,[4.319219946381069]
599,Brc1ccc(cc1)C2=CC(=O)c3ccccc3O2,[1.3862943611198906]
600,CC(=O)Nc1ccc2ccn(c3cc(NC4COC4)n5ncc(C#N)c5n3)c2c1,[3.130263166511597]
601,C[C@@](N1CCCCC1)(C(=O)O[C@H]2C[N+]3(CCc4c[nH]c5ccccc45)CCC2CC3)c6ccccc6,[3.9889840465642745]
602,COc1ccc(cc1)c2nc3c(NCCCN(C)C(=O)C4CCC4)c(Br)cnc3[nH]2,[4.934761661517082]
603,Clc1c(NCC2CCNCC2)nccc1C(=O)NCC34CC5CC(CC(C5)C3)C4,[1.6094379124341003]
604,C[C@@H](NC(=O)C1CCNCC1)c2ccc(Nc3ncc4cc(ccc4n3)c5ccncc5)cc2,[1.3862943611198906]
605,CNC(=O)Cc1ccc2C(=O)C=C(Nc2c1)c3cccnc3,[1.3862943611198906]
606,Cc1cccc(NC(=O)Nc2cccc3ccccc23)c1,[4.523960130562548]
607,CCc1nc2ccc(cn2c1N(C)Cc3cccs3)C(=O)NCc4ccc5OCOc5c4,[5.017279836814924]
608,COc1cc(NC(=O)Nc2cccc(CNC(=O)O[C@H]3CCOC3)c2)ccc1c4ocnc4,[2.6390573296152584]
609,Cc1ccc(cc1NC(=O)c2ccc(OCc3ccccn3)cc2)c4nc5ccccc5[nH]4,[2.418588768750352]
610,CC(C)n1ncc2c(cc(nc12)C3CC3)C(=O)NCc4c(C)cc(C)nc4O,[4.866148875605322]
611,NC(=O)N1c2ccccc2C=Cc3ccccc13,[3.0421386463681466]
612,CCN(CC)S(=O)(=O)c1ccc(cc1)c2oc(SCC(=O)N3CCc4ccccc34)nn2,[5.017279836814924]
613,CC1=C(N2[C@H](SC1)[C@H](NC(=O)[C@H](N)c3ccc(O)cc3)C2=O)C(=O)O,[1.3862943611198906]
614,O=C(CSC1=NC2=C(SCC2)C(=O)N1c3ccccc3)Nc4ccc(cn4)c5ccccc5,[5.017279836814924]
615,COc1ccc2ncc(F)c(CCN3CCC(CC3)NCc4ccc5OCC(=O)Nc5n4)c2n1,[3.7089271494177143]
616,C[C@@](N1CCCCC1)(C(=O)O[C@H]2C[N+]3(CC(=O)Nc4ccccn4)CCC2CC3)c5ccccc5,[4.174387269895637]
617,CCC(=O)N[C@H]1CC[C@H](C1)C(=O)N(C)c2ccc(cc2)c3oc4ccccc4n3,[2.150598735996164]
618,C[C@H](Nc1nc(Nc2cc([nH]n2)C3CC3)cnc1C#N)c4ccc(F)cn4,[1.3862943611198906]
619,CCCSc1c(cnn1c2cccc(c2)C(=O)O)C(=O)NC3CCCCC3,[2.8892600290434745]
620,CC[C@@H](NC1=C(Nc2cccc(C(=O)N(C)C)c2O)C(=O)C1=O)c3oc(C)cc3,[4.342895917470844]
621,NC(=N)NC(=O)c1nc(Cl)c(N)nc1N,[1.3862943611198906]
622,COc1cccc(NC(=O)c2cccc(Cc3c(C)nn(CCO)c3c4ccccc4)c2)c1,[5.017279836814924]
623,COc1ccc(N(C(C(=O)NC2CCCC2)c3ccccc3F)C(=O)C)c(OC)c1,[5.017279836814924]
624,CO[C@H]1\C=C\O[C@@]2(C)Oc3c(C)c(O)c4c(O)c(NC(=O)\C(=C/C=C/[C@H](C)[C@H](O)[C@@H](C)[C@@H](O)[C@@H](C)[C@H](OC(=O)C)[C@@H]1C)\C)cc(O)c4c3C2=O,[1.3862943611198906]
625,CS(=O)(=O)c1ccc(cc1)c2cnc(N)c(c2)c3ccc(nc3)C(F)(F)F,[1.7561322915849038]
626,CNCc1ccc(cc1)c2[nH]c3cc(F)cc4C(=O)NCCc2c34,[2.5664866367804233]
627,O=C(CSC1=NC2=C(SCC2)C(=O)N1c3ccccc3)Nc4ncc(s4)c5ccccc5,[4.866148875605322]
628,CC[C@H](Nc1ncnc2[nH]cnc12)C3=Nc4cccc(F)c4C(=O)N3c5ccccc5,[3.0204248861443626]
629,CC(C)N1CCC[C@H](CN2C(=Nc3ccc(Oc4ccc(F)cc4)cc3C2=O)C)C1,[2.4397349311412793]
630,Nc1nc2ccc(cc2s1)c3ccncc3,[3.418054498728578]
631,Cc1ccc(NC(=O)c2cccc(c2)N3CCOCC3)cc1NC(=O)c4ccc(OCc5cscn5)cc4,[3.044522437723423]
632,OC(=O)COc1ccc(Cl)cc1CN2CCCN(CC2)S(=O)(=O)Cc3ccccc3,[2.9444389791664403]
633,OC(=O)c1cncc(c1)c2ccc(Cl)c(c2)C(=O)NCC34CC5CC(CC(C5)C3)C4,[2.0794415416798357]
634,CN1CCN(CC1)c2ccc3N=CN(C(=O)c3c2)c4cc(NC(=O)c5cccc(c5)N6CCOCC6)ccc4C,[1.9459101490553132]
635,Cn1cc(C2=C(C(=O)NC2=O)c3cccc(NCC(O)CO)c3)c4cc(F)ccc14,[3.7376696182833684]
636,COc1ccccc1C(=O)\C=C\c2ccccc2C(F)(F)F,[5.017279836814924]
637,CCN(CC)CCn1c2ccccc2c3cnc(N)c(C#N)c13,[4.356708826689592]
638,COc1ccc(N(C(C(=O)NC[C@@H](C)O)c2ccccc2F)C(=O)c3ccccc3)c(OC)c1,[5.017279836814924]
639,CN1CCC[C@H]1CCN2CCCc3cc(NC(=N)c4cccs4)ccc23,[3.7314599016490546]
640,C[C@@](N1CCCCC1)(C(=O)O[C@H]2C[N+]3(Cc4cc(on4)c5ccccc5)CCC2CC3)c6ccccc6,[4.709530201312334]
641,Cc1ccccc1CN2CCC(CC2)N3CCC(CC3)N4C(=O)Nc5ccccc45,[2.995732273553991]
642,FC(F)Oc1ccc(cc1OCC2CC2)C(=O)Nc3c(Cl)cncc3Cl,[5.017279836814924]
643,Cc1cc(CN2CCc3ccccc3C2C(=O)Nc4ccc(Cl)cc4Cl)ccc1OCC(=O)O,[3.044522437723423]
644,CC(C)(C)NC(=O)[C@@H]1CN(Cc2cccnc2)CCN1C[C@@H](O)C[C@@H](Cc3ccccc3)C(=O)N[C@@H]4[C@H](O)Cc5ccccc45,[4.001863709427935]
645,Nc1ncc2cc(c(N)nc2n1)c3c(Br)cccc3Br,[4.797689567758492]
646,Cc1nn(C)c(C)c1c2cccc3c(CCCOc4cccc5ccccc45)c([nH]c23)C(=O)O,[4.137723285524046]
647,COc1ccc(cc1OC2CCCC2)[C@@]3(CC[C@H](CC3)C(=O)O)C#N,[3.367295829986474]
648,COc1ccccc1CN2C(C(=O)NC3CCC(C)CC3)c4ccccc4C2=O,[5.017279836814924]
649,Nc1nc2ccc(cc2[nH]1)C(=O)c3ccccc3,[1.3862943611198906]
650,Cc1ccc2c(NC[C@](O)(CC(C)(C)c3cc(F)cc4CCOc34)C(F)(F)F)cccc2n1,[3.9341758100692794]
651,O=C(C1CCN(CC1)c2nnc(s2)n3cccc3)N4CCN(Cc5ccc6OCOc6c5)CC4,[3.9341758100692794]
652,OC(=O)c1cc2cc(OCc3ccccc3)ccc2[nH]1,[3.2846635654062037]
653,OC(=O)CN1C(=O)C(=O)c2ccccc12,[3.329343277894172]
654,COc1ccc(N(C(C(=O)NC2CCCC2)c3ccccc3F)C(=O)c4occc4)c(OC)c1,[5.017279836814924]
655,CN1SC(=O)c2cc(ccc12)S(=O)(=O)NC3CC3,[5.017279836814924]
656,COc1cc(O)c(C(CC(=O)N2CC(C)CC(C)C2)c3ccc4OCOc4c3)c(OC)c1,[5.017279836814924]
657,C(=C\c1nn[nH]n1)/c2ccccc2,[1.3862943611198906]
658,COc1ccc(N(C(C(=O)NC2CCCC2)c3ccccc3F)C(=O)c4ccccc4)c(OC)c1,[5.017279836814924]
659,C[C@@H]1CN(CCN1C(=O)[C@@H]2CCCC[C@H]2C(=O)NC3(CC3)C#N)c4ccc5c(C)nnc(C)c5c4,[2.5241273629412815]
660,COc1ccnc(CSc2nc3ccccc3[nH]2)c1,[5.017279836814924]
661,CCCc1nn(C)c2C(=O)NC(=Nc12)c3cc(ccc3OCC)S(=O)(=O)N4CCN(C)CC4,[5.017279836814924]
662,COc1ccc2nc(C)cc(c2c1)n3cc(CN4CCN(CC4)C(=O)C)nn3,[1.81319474994812]
663,CN[C@@H](C)C(=O)N[C@H](C(=O)N1CC[C@H]2CC[C@H](NC(=O)c3cccc4ccccc34)[C@@H]12)C(C)(C)C,[2.5664866367804233]
664,C#Cc1cccc(Nc2ncnc3cc4OCCOCCOCCOc4cc23)c1,[3.130263166511597]
665,O=C(N1CCOCC1)N2CCn3cc(C4=C(C(=O)NC4=O)c5cnc6ccccn56)c7cccc(C2)c37,[3.6635616461296463]
666,CCOc1nc2cccc(C(=O)O)c2n1Cc3ccc(cc3)c4ccccc4c5nnn[nH]5,[1.3862943611198906]
667,NC(=O)NC(=O)C(Nc1ccc2CCCc2c1)c3ccccc3,[4.024458434757935]
668,CO[C@@H]1CC[C@@]2(CC1)Cc3ccc(cc3C24N=C(C)C(=N4)N)c5cc(Cl)cc(c5)C#N,[2.6093342281630525]
